,Depth (m),Number of Prod Wells,Number of Inj Wells,Maximum Reservoir Temperature (deg.C),Wellfield Cost ($M),Surface Plant Cost ($M),Exploration Cost ($M),Field Gathering System Cost ($M),Wellfield O&M Cost ($M/year),Surface Plant O&M Cost ($M/year),Make-Up Water O&M Cost ($M/year),Average Reservoir Heat Extraction (MWth),Average Total Electricity Generation (MWe),Lifetime
837,1.0,1,1,400.0,4.6,6.51,2.98,1.19,0.12,0.29,0.04,0.56,0.56,35
560,1.0,1,2,400.0,6.9,6.51,2.98,1.6,0.15,0.29,0.04,0.56,0.56,35
418,1.0,1,3,400.0,9.2,6.51,2.98,2.05,0.18,0.29,0.04,0.56,0.56,35
480,1.0,1,4,400.0,11.5,6.51,2.98,2.51,0.2,0.29,0.04,0.56,0.56,35
496,1.0,1,5,400.0,13.79,6.51,2.98,2.98,0.23,0.29,0.04,0.56,0.56,35
770,1.0,1,6,400.0,16.09,6.51,2.98,3.46,0.26,0.29,0.04,0.56,0.56,35
402,1.0,2,2,400.0,9.2,9.9,2.98,2.27,0.18,0.34,0.07,1.12,1.12,35
605,1.0,2,3,400.0,11.5,9.9,2.98,2.68,0.21,0.34,0.07,1.12,1.12,35
546,1.0,2,4,400.0,13.79,9.9,2.98,3.12,0.23,0.34,0.07,1.12,1.12,35
461,1.0,2,5,400.0,16.09,9.9,2.98,3.57,0.26,0.34,0.07,1.12,1.12,35
697,1.0,2,6,400.0,18.39,9.9,2.98,4.04,0.29,0.34,0.07,1.12,1.12,35
618,1.0,3,3,400.0,13.79,12.5,2.98,3.33,0.24,0.38,0.11,1.68,1.68,35
669,1.0,3,4,400.0,16.09,12.5,2.98,3.74,0.26,0.38,0.11,1.68,1.68,35
764,1.0,3,5,400.0,18.39,12.5,2.98,4.18,0.29,0.38,0.11,1.68,1.68,35
524,1.0,3,6,400.0,20.69,12.5,2.98,4.63,0.32,0.38,0.11,1.68,1.68,35
611,1.0,4,4,400.0,18.39,14.65,2.98,4.38,0.29,0.41,0.15,2.24,2.24,35
819,1.0,4,5,400.0,20.69,14.65,2.98,4.79,0.32,0.41,0.15,2.24,2.24,35
577,1.0,4,6,400.0,22.99,14.65,2.98,5.23,0.35,0.41,0.15,2.24,2.24,35
404,1.0,5,5,400.0,22.99,16.49,2.98,5.42,0.35,0.44,0.18,2.79,2.79,35
638,1.0,5,6,400.0,25.29,16.49,2.98,5.84,0.38,0.44,0.18,2.79,2.79,35
825,1.0,6,6,400.0,27.59,18.1,2.98,6.45,0.41,0.47,0.22,3.35,3.35,35
507,1.1,1,1,400.0,4.99,7.93,3.12,1.19,0.13,0.31,0.04,0.69,0.69,35
778,1.1,1,2,400.0,7.49,7.93,3.12,1.6,0.16,0.31,0.04,0.69,0.69,35
680,1.1,1,3,400.0,9.98,7.93,3.12,2.05,0.19,0.31,0.04,0.69,0.69,35
631,1.1,1,4,400.0,12.48,7.93,3.12,2.51,0.21,0.31,0.04,0.69,0.69,35
826,1.1,1,5,400.0,14.97,7.93,3.12,2.98,0.24,0.31,0.04,0.69,0.69,35
552,1.1,1,6,400.0,17.47,7.93,3.12,3.45,0.27,0.31,0.04,0.69,0.69,35
693,1.1,2,2,400.0,9.98,12.33,3.12,2.28,0.19,0.38,0.07,1.37,1.37,35
732,1.1,2,3,400.0,12.48,12.33,3.12,2.68,0.22,0.38,0.07,1.37,1.37,35
789,1.1,2,4,400.0,14.97,12.33,3.12,3.12,0.25,0.38,0.07,1.37,1.37,35
636,1.1,2,5,400.0,17.47,12.33,3.12,3.57,0.28,0.38,0.07,1.37,1.37,35
406,1.1,2,6,400.0,19.96,12.33,3.12,4.03,0.3,0.38,0.07,1.37,1.37,35
490,1.1,3,3,400.0,14.97,15.83,3.12,3.33,0.25,0.43,0.11,2.06,2.06,35
428,1.1,3,4,400.0,17.47,15.83,3.12,3.74,0.28,0.43,0.11,2.06,2.06,35
575,1.1,3,5,400.0,19.96,15.83,3.12,4.18,0.31,0.43,0.11,2.06,2.06,35
822,1.1,3,6,400.0,22.46,15.83,3.12,4.63,0.34,0.43,0.11,2.06,2.06,35
483,1.1,4,4,400.0,19.96,18.82,3.12,4.38,0.35,0.61,0.15,2.75,2.75,35
521,1.1,4,5,400.0,22.46,18.82,3.12,4.79,0.38,0.61,0.15,2.75,2.75,35
766,1.1,4,6,400.0,24.95,18.82,3.12,5.23,0.41,0.61,0.15,2.75,2.75,35
695,1.1,5,5,400.0,24.95,21.46,3.12,5.42,0.45,0.76,0.18,3.44,3.44,35
463,1.1,5,6,400.0,27.45,21.46,3.12,5.84,0.48,0.76,0.18,3.44,3.44,35
495,1.1,6,6,400.0,29.94,23.84,3.12,6.45,0.54,0.88,0.22,4.12,4.12,35
214,1.2,1,1,400.0,5.39,9.34,3.27,1.19,0.13,0.33,0.04,0.83,0.83,35
32,1.2,1,2,400.0,8.09,9.34,3.27,1.59,0.16,0.33,0.04,0.83,0.83,35
142,1.2,1,3,400.0,10.79,9.34,3.27,2.04,0.19,0.33,0.04,0.83,0.83,35
101,1.2,1,4,400.0,13.49,9.34,3.27,2.51,0.22,0.33,0.04,0.83,0.83,35
66,1.2,1,5,400.0,16.18,9.34,3.27,2.98,0.26,0.33,0.04,0.83,0.83,35
251,1.2,1,6,400.0,18.88,9.34,3.27,3.45,0.29,0.33,0.04,0.83,0.83,35
178,1.2,2,2,400.0,10.79,14.72,3.27,2.28,0.2,0.42,0.07,1.66,1.66,35
18,1.2,2,3,400.0,13.49,14.72,3.27,2.68,0.23,0.42,0.07,1.66,1.66,35
63,1.2,2,4,400.0,16.18,14.72,3.27,3.12,0.26,0.42,0.07,1.66,1.66,35
135,1.2,2,5,400.0,18.88,14.72,3.27,3.57,0.29,0.42,0.07,1.66,1.66,35
288,1.2,2,6,400.0,21.58,14.72,3.27,4.03,0.32,0.42,0.07,1.66,1.66,35
369,1.2,3,3,400.0,16.18,19.11,3.27,3.33,0.32,0.67,0.11,2.49,2.49,35
313,1.2,3,4,400.0,18.88,19.11,3.27,3.74,0.35,0.67,0.11,2.49,2.49,35
249,1.2,3,5,400.0,21.58,19.11,3.27,4.18,0.39,0.67,0.11,2.49,2.49,35
90,1.2,3,6,400.0,24.27,19.11,3.27,4.63,0.42,0.67,0.11,2.49,2.49,35
358,1.2,4,4,400.0,21.58,22.93,3.27,4.38,0.43,0.87,0.15,3.32,3.32,35
202,1.2,4,5,400.0,24.27,22.93,3.27,4.79,0.47,0.87,0.15,3.32,3.32,35
44,1.2,4,6,400.0,26.97,22.93,3.27,5.23,0.5,0.87,0.15,3.32,3.32,35
183,1.2,5,5,400.0,26.97,26.35,3.27,5.42,0.54,1.03,0.18,4.15,4.15,35
333,1.2,5,6,400.0,29.67,26.35,3.27,5.84,0.57,1.03,0.18,4.15,4.15,35
204,1.2,6,6,400.0,32.37,29.49,3.27,6.45,0.63,1.16,0.22,4.98,4.98,35
76,1.3,1,1,400.0,5.81,10.71,3.43,1.19,0.13,0.36,0.04,0.99,0.99,35
260,1.3,1,2,400.0,8.72,10.71,3.43,1.59,0.17,0.36,0.04,0.99,0.99,35
322,1.3,1,3,400.0,11.62,10.71,3.43,2.04,0.2,0.36,0.04,0.99,0.99,35
377,1.3,1,4,400.0,14.53,10.71,3.43,2.51,0.24,0.36,0.04,0.99,0.99,35
203,1.3,1,5,400.0,17.43,10.71,3.43,2.98,0.27,0.36,0.04,0.99,0.99,35
21,1.3,1,6,400.0,20.34,10.71,3.43,3.45,0.3,0.36,0.04,0.99,0.99,35
287,1.3,2,2,400.0,11.62,17.07,3.43,2.28,0.25,0.58,0.07,1.97,1.97,35
267,1.3,2,3,400.0,14.53,17.07,3.43,2.68,0.28,0.58,0.07,1.97,1.97,35
222,1.3,2,4,400.0,17.43,17.07,3.43,3.11,0.31,0.58,0.07,1.97,1.97,35
336,1.3,2,5,400.0,20.34,17.07,3.43,3.57,0.35,0.58,0.07,1.97,1.97,35
181,1.3,2,6,400.0,23.24,17.07,3.43,4.03,0.38,0.58,0.07,1.97,1.97,35
113,1.3,3,3,400.0,17.43,22.33,3.43,3.33,0.38,0.86,0.11,2.96,2.96,35
150,1.3,3,4,400.0,20.34,22.33,3.43,3.74,0.42,0.86,0.11,2.96,2.96,35
46,1.3,3,5,400.0,23.24,22.33,3.43,4.17,0.45,0.86,0.11,2.96,2.96,35
199,1.3,3,6,400.0,26.15,22.33,3.43,4.62,0.48,0.86,0.11,2.96,2.96,35
102,1.3,4,4,400.0,23.24,26.95,3.43,4.38,0.5,1.07,0.15,3.95,3.95,35
93,1.3,4,5,400.0,26.15,26.95,3.43,4.79,0.53,1.07,0.15,3.95,3.95,35
247,1.3,4,6,400.0,29.05,26.95,3.43,5.22,0.56,1.07,0.15,3.95,3.95,35
291,1.3,5,5,400.0,29.05,31.15,3.43,5.42,0.6,1.24,0.18,4.94,4.94,35
133,1.3,5,6,400.0,31.96,31.15,3.43,5.84,0.64,1.24,0.18,4.94,4.94,35
67,1.3,6,6,400.0,34.86,35.03,3.43,6.45,0.7,1.39,0.22,5.92,5.92,35
185,1.4,1,1,400.0,6.24,12.06,3.58,1.19,0.14,0.38,0.04,1.16,1.16,35
340,1.4,1,2,400.0,9.36,12.06,3.58,1.59,0.17,0.38,0.04,1.16,1.16,35
219,1.4,1,3,400.0,12.48,12.06,3.58,2.04,0.21,0.38,0.04,1.16,1.16,35
269,1.4,1,4,400.0,15.59,12.06,3.58,2.5,0.25,0.38,0.04,1.16,1.16,35
283,1.4,1,5,400.0,18.71,12.06,3.58,2.97,0.28,0.38,0.04,1.16,1.16,35
130,1.4,1,6,400.0,21.83,12.06,3.58,3.45,0.32,0.38,0.04,1.16,1.16,35
206,1.4,2,2,400.0,12.48,19.37,3.58,2.28,0.29,0.73,0.07,2.32,2.32,35
376,1.4,2,3,400.0,15.59,19.37,3.58,2.68,0.33,0.73,0.07,2.32,2.32,35
326,1.4,2,4,400.0,18.71,19.37,3.58,3.11,0.36,0.73,0.07,2.32,2.32,35
255,1.4,2,5,400.0,21.83,19.37,3.58,3.56,0.4,0.73,0.07,2.32,2.32,35
71,1.4,2,6,400.0,24.95,19.37,3.58,4.03,0.44,0.73,0.07,2.32,2.32,35
10,1.4,3,3,400.0,18.71,25.47,3.58,3.33,0.43,1.02,0.11,3.48,3.48,35
48,1.4,3,4,400.0,21.83,25.47,3.58,3.74,0.47,1.02,0.11,3.48,3.48,35
128,1.4,3,5,400.0,24.95,25.47,3.58,4.17,0.5,1.02,0.11,3.48,3.48,35
308,1.4,3,6,400.0,28.07,25.47,3.58,4.62,0.54,1.02,0.11,3.48,3.48,35
2,1.4,4,4,400.0,24.95,30.89,3.58,4.38,0.55,1.24,0.15,4.64,4.64,35
172,1.4,4,5,400.0,28.07,30.89,3.58,4.79,0.59,1.24,0.15,4.64,4.64,35
352,1.4,4,6,400.0,31.19,30.89,3.58,5.22,0.62,1.24,0.15,4.64,4.64,35
210,1.4,5,5,400.0,31.19,35.84,3.58,5.42,0.66,1.42,0.18,5.8,5.8,35
24,1.4,5,6,400.0,34.31,35.84,3.58,5.83,0.7,1.42,0.18,5.8,5.8,35
177,1.4,6,6,400.0,37.43,40.44,3.58,6.45,0.76,1.58,0.22,6.95,6.95,35
293,1.5,1,1,400.0,6.68,13.38,3.75,1.19,0.14,0.4,0.04,1.35,1.35,35
140,1.5,1,2,400.0,10.02,13.38,3.75,1.59,0.18,0.4,0.04,1.35,1.35,35
60,1.5,1,3,400.0,13.35,13.38,3.75,2.04,0.22,0.4,0.04,1.35,1.35,35
20,1.5,1,4,400.0,16.69,13.38,3.75,2.5,0.26,0.4,0.04,1.35,1.35,35
175,1.5,1,5,400.0,20.03,13.38,3.75,2.97,0.29,0.4,0.04,1.35,1.35,35
330,1.5,1,6,400.0,23.37,13.38,3.75,3.44,0.33,0.4,0.04,1.35,1.35,35
69,1.5,2,2,400.0,13.35,21.6,3.75,2.27,0.33,0.85,0.07,2.69,2.69,35
100,1.5,2,3,400.0,16.69,21.6,3.75,2.67,0.37,0.85,0.07,2.69,2.69,35
146,1.5,2,4,400.0,20.03,21.6,3.75,3.11,0.41,0.85,0.07,2.69,2.69,35
26,1.5,2,5,400.0,23.37,21.6,3.75,3.56,0.44,0.85,0.07,2.69,2.69,35
208,1.5,2,6,400.0,26.71,21.6,3.75,4.02,0.48,0.85,0.07,2.69,2.69,35
280,1.5,3,3,400.0,20.03,28.53,3.75,3.33,0.47,1.15,0.11,4.04,4.04,35
226,1.5,3,4,400.0,23.37,28.53,3.75,3.74,0.51,1.15,0.11,4.04,4.04,35
356,1.5,3,5,400.0,26.71,28.53,3.75,4.17,0.55,1.15,0.11,4.04,4.04,35
170,1.5,3,6,400.0,30.05,28.53,3.75,4.61,0.59,1.15,0.11,4.04,4.04,35
272,1.5,4,4,400.0,26.71,34.72,3.75,4.38,0.6,1.38,0.15,5.38,5.38,35
310,1.5,4,5,400.0,30.05,34.72,3.75,4.79,0.64,1.38,0.15,5.38,5.38,35
124,1.5,4,6,400.0,33.39,34.72,3.75,5.22,0.67,1.38,0.15,5.38,5.38,35
73,1.5,5,5,400.0,33.39,40.39,3.75,5.42,0.71,1.58,0.18,6.73,6.73,35
253,1.5,5,6,400.0,36.72,40.39,3.75,5.83,0.75,1.58,0.18,6.73,6.73,35
285,1.5,6,6,400.0,40.06,45.69,3.75,6.45,0.82,1.75,0.22,8.08,8.08,35
414,1.6,1,1,400.0,7.13,14.65,3.91,1.19,0.17,0.48,0.04,1.55,1.55,35
641,1.6,1,2,400.0,10.69,14.65,3.91,1.59,0.21,0.48,0.04,1.55,1.55,35
786,1.6,1,3,400.0,14.26,14.65,3.91,2.03,0.25,0.48,0.04,1.55,1.55,35
733,1.6,1,4,400.0,17.82,14.65,3.91,2.49,0.29,0.48,0.04,1.55,1.55,35
692,1.6,1,5,400.0,21.39,14.65,3.91,2.96,0.33,0.48,0.04,1.55,1.55,35
457,1.6,1,6,400.0,24.95,14.65,3.91,3.43,0.37,0.48,0.04,1.55,1.55,35
828,1.6,2,2,400.0,14.26,23.77,3.91,2.27,0.37,0.96,0.07,3.1,3.1,35
628,1.6,2,3,400.0,17.82,23.77,3.91,2.67,0.41,0.96,0.07,3.1,3.1,35
685,1.6,2,4,400.0,21.39,23.77,3.91,3.1,0.45,0.96,0.07,3.1,3.1,35
772,1.6,2,5,400.0,24.95,23.77,3.91,3.56,0.49,0.96,0.07,3.1,3.1,35
503,1.6,2,6,400.0,28.51,23.77,3.91,4.02,0.53,0.96,0.07,3.1,3.1,35
595,1.6,3,3,400.0,21.39,31.5,3.91,3.33,0.51,1.27,0.11,4.64,4.64,35
529,1.6,3,4,400.0,24.95,31.5,3.91,3.73,0.55,1.27,0.11,4.64,4.64,35
451,1.6,3,5,400.0,28.51,31.5,3.91,4.16,0.59,1.27,0.11,4.64,4.64,35
724,1.6,3,6,400.0,32.08,31.5,3.91,4.61,0.63,1.27,0.11,4.64,4.64,35
584,1.6,4,4,400.0,28.51,38.43,3.91,4.38,0.64,1.51,0.15,6.19,6.19,35
392,1.6,4,5,400.0,32.08,38.43,3.91,4.78,0.68,1.51,0.15,6.19,6.19,35
666,1.6,4,6,400.0,35.64,38.43,3.91,5.21,0.72,1.51,0.15,6.19,6.19,35
829,1.6,5,5,400.0,35.64,44.81,3.91,5.41,0.76,1.72,0.18,7.74,7.74,35
557,1.6,5,6,400.0,39.21,44.81,3.91,5.83,0.8,1.72,0.18,7.74,7.74,35
398,1.6,6,6,400.0,42.77,50.79,3.91,6.45,0.87,1.9,0.22,9.29,9.29,35
705,1.7,1,1,400.0,7.59,15.89,4.08,1.19,0.2,0.57,0.04,1.76,1.76,35
466,1.7,1,2,400.0,11.39,15.89,4.08,1.58,0.24,0.57,0.04,1.76,1.76,35
543,1.7,1,3,400.0,15.18,15.89,4.08,2.03,0.28,0.57,0.04,1.76,1.76,35
606,1.7,1,4,400.0,18.98,15.89,4.08,2.49,0.32,0.57,0.04,1.76,1.76,35
400,1.7,1,5,400.0,22.78,15.89,4.08,2.96,0.37,0.57,0.04,1.76,1.76,35
632,1.7,1,6,400.0,26.57,15.89,4.08,3.43,0.41,0.57,0.04,1.76,1.76,35
498,1.7,2,2,400.0,15.18,25.87,4.08,2.27,0.4,1.05,0.07,3.53,3.53,35
477,1.7,2,3,400.0,18.98,25.87,4.08,2.66,0.44,1.05,0.07,3.53,3.53,35
423,1.7,2,4,400.0,22.78,25.87,4.08,3.1,0.48,1.05,0.07,3.53,3.53,35
555,1.7,2,5,400.0,26.57,25.87,4.08,3.55,0.52,1.05,0.07,3.53,3.53,35
834,1.7,2,6,400.0,30.37,25.87,4.08,4.01,0.57,1.05,0.07,3.53,3.53,35
750,1.7,3,3,400.0,22.78,34.37,4.08,3.33,0.55,1.38,0.11,5.29,5.29,35
798,1.7,3,4,400.0,26.57,34.37,4.08,3.73,0.59,1.38,0.11,5.29,5.29,35
660,1.7,3,5,400.0,30.37,34.37,4.08,4.16,0.63,1.38,0.11,5.29,5.29,35
395,1.7,3,6,400.0,34.16,34.37,4.08,4.6,0.68,1.38,0.11,5.29,5.29,35
739,1.7,4,4,400.0,30.37,42.01,4.08,4.37,0.68,1.63,0.15,7.06,7.06,35
719,1.7,4,5,400.0,34.16,42.01,4.08,4.78,0.72,1.63,0.15,7.06,7.06,35
455,1.7,4,6,400.0,37.96,42.01,4.08,5.21,0.77,1.63,0.15,7.06,7.06,35
500,1.7,5,5,400.0,37.96,49.08,4.08,5.41,0.8,1.85,0.18,8.82,8.82,35
776,1.7,5,6,400.0,41.75,49.08,4.08,5.82,0.85,1.85,0.18,8.82,8.82,35
688,1.7,6,6,400.0,45.55,55.8,4.08,6.44,0.92,2.04,0.22,10.59,10.59,35
658,1.8,1,1,400.0,8.07,17.08,4.26,1.19,0.22,0.64,0.04,2.0,2.0,35
394,1.8,1,2,400.0,12.1,17.08,4.26,1.58,0.27,0.64,0.04,2.0,2.0,35
583,1.8,1,3,400.0,16.13,17.08,4.26,2.02,0.31,0.64,0.04,2.0,2.0,35
538,1.8,1,4,400.0,20.17,17.08,4.26,2.48,0.36,0.64,0.04,2.0,2.0,35
437,1.8,1,5,400.0,24.2,17.08,4.26,2.95,0.4,0.64,0.04,2.0,2.0,35
709,1.8,1,6,400.0,28.23,17.08,4.26,3.42,0.45,0.64,0.04,2.0,2.0,35
566,1.8,2,2,400.0,16.13,27.89,4.26,2.27,0.43,1.14,0.07,3.99,3.99,35
433,1.8,2,3,400.0,20.17,27.89,4.26,2.66,0.47,1.14,0.07,3.99,3.99,35
484,1.8,2,4,400.0,24.2,27.89,4.26,3.09,0.51,1.14,0.07,3.99,3.99,35
518,1.8,2,5,400.0,28.23,27.89,4.26,3.54,0.56,1.14,0.07,3.99,3.99,35
758,1.8,2,6,400.0,32.27,27.89,4.26,4.0,0.6,1.14,0.07,3.99,3.99,35
793,1.8,3,3,400.0,24.2,37.13,4.26,3.32,0.58,1.48,0.11,5.99,5.99,35
726,1.8,3,4,400.0,28.23,37.13,4.26,3.72,0.63,1.48,0.11,5.99,5.99,35
703,1.8,3,5,400.0,32.27,37.13,4.26,4.15,0.67,1.48,0.11,5.99,5.99,35
465,1.8,3,6,400.0,36.3,37.13,4.26,4.59,0.72,1.48,0.11,5.99,5.99,35
785,1.8,4,4,400.0,32.27,45.47,4.26,4.37,0.72,1.74,0.15,7.99,7.99,35
643,1.8,4,5,400.0,36.3,45.47,4.26,4.77,0.76,1.74,0.15,7.99,7.99,35
408,1.8,4,6,400.0,40.33,45.47,4.26,5.2,0.81,1.74,0.15,7.99,7.99,35
573,1.8,5,5,400.0,40.33,53.23,4.26,5.4,0.85,1.97,0.18,9.99,9.99,35
814,1.8,5,6,400.0,44.37,53.23,4.26,5.81,0.89,1.97,0.18,9.99,9.99,35
650,1.8,6,6,400.0,48.4,60.65,4.26,6.44,0.97,2.17,0.22,11.98,11.98,35
447,1.9,1,1,400.0,8.55,18.23,4.44,1.19,0.24,0.71,0.04,2.25,2.25,35
721,1.9,1,2,400.0,12.83,18.23,4.44,1.57,0.29,0.71,0.04,2.25,2.25,35
738,1.9,1,3,400.0,17.11,18.23,4.44,2.01,0.34,0.71,0.04,2.25,2.25,35
807,1.9,1,4,400.0,21.38,18.23,4.44,2.47,0.39,0.71,0.04,2.25,2.25,35
646,1.9,1,5,400.0,25.66,18.23,4.44,2.93,0.43,0.71,0.04,2.25,2.25,35
380,1.9,1,6,400.0,29.94,18.23,4.44,3.4,0.48,0.71,0.04,2.25,2.25,35
756,1.9,2,2,400.0,17.11,29.84,4.44,2.26,0.45,1.22,0.07,4.49,4.49,35
674,1.9,2,3,400.0,21.38,29.84,4.44,2.65,0.5,1.22,0.07,4.49,4.49,35
612,1.9,2,4,400.0,25.66,29.84,4.44,3.08,0.55,1.22,0.07,4.49,4.49,35
818,1.9,2,5,400.0,29.94,29.84,4.44,3.53,0.59,1.22,0.07,4.49,4.49,35
571,1.9,2,6,400.0,34.21,29.84,4.44,3.99,0.64,1.22,0.07,4.49,4.49,35
550,1.9,3,3,400.0,25.66,39.79,4.44,3.32,0.61,1.57,0.11,6.74,6.74,35
599,1.9,3,4,400.0,29.94,39.79,4.44,3.71,0.66,1.57,0.11,6.74,6.74,35
411,1.9,3,5,400.0,34.21,39.79,4.44,4.14,0.71,1.57,0.11,6.74,6.74,35
639,1.9,3,6,400.0,38.49,39.79,4.44,4.58,0.76,1.57,0.11,6.74,6.74,35
542,1.9,4,4,400.0,34.21,48.79,4.44,4.36,0.76,1.84,0.15,8.98,8.98,35
467,1.9,4,5,400.0,38.49,48.79,4.44,4.76,0.8,1.84,0.15,8.98,8.98,35
698,1.9,4,6,400.0,42.77,48.79,4.44,5.19,0.85,1.84,0.15,8.98,8.98,35
763,1.9,5,5,400.0,42.77,57.27,4.44,5.4,0.89,2.08,0.18,11.23,11.23,35
517,1.9,5,6,400.0,47.04,57.27,4.44,5.8,0.94,2.08,0.18,11.23,11.23,35
439,1.9,6,6,400.0,51.32,65.32,4.44,6.43,1.01,2.29,0.22,13.47,13.47,35
481,2.0,1,1,400.0,9.05,19.34,4.62,1.18,0.26,0.78,0.04,2.51,2.51,35
667,2.0,1,2,400.0,13.58,19.34,4.62,1.57,0.31,0.78,0.04,2.51,2.51,35
769,2.0,1,3,400.0,18.1,19.34,4.62,2.01,0.36,0.78,0.04,2.51,2.51,35
809,2.0,1,4,400.0,22.63,19.34,4.62,2.46,0.41,0.78,0.04,2.51,2.51,35
621,2.0,1,5,400.0,27.16,19.34,4.62,2.92,0.46,0.78,0.04,2.51,2.51,35
434,2.0,1,6,400.0,31.68,19.34,4.62,3.38,0.51,0.78,0.04,2.51,2.51,35
747,2.0,2,2,400.0,18.1,31.71,4.62,2.26,0.48,1.3,0.07,5.02,5.02,35
710,2.0,2,3,400.0,22.63,31.71,4.62,2.65,0.53,1.3,0.07,5.02,5.02,35
655,2.0,2,4,400.0,27.16,31.71,4.62,3.07,0.58,1.3,0.07,5.02,5.02,35
801,2.0,2,5,400.0,31.68,31.71,4.62,3.52,0.63,1.3,0.07,5.02,5.02,35
590,2.0,2,6,400.0,36.21,31.71,4.62,3.97,0.68,1.3,0.07,5.02,5.02,35
494,2.0,3,3,400.0,27.16,42.34,4.62,3.31,0.64,1.66,0.11,7.53,7.53,35
563,2.0,3,4,400.0,31.68,42.34,4.62,3.71,0.69,1.66,0.11,7.53,7.53,35
415,2.0,3,5,400.0,36.21,42.34,4.62,4.13,0.74,1.66,0.11,7.53,7.53,35
623,2.0,3,6,400.0,40.73,42.34,4.62,4.57,0.79,1.66,0.11,7.53,7.53,35
509,2.0,4,4,400.0,36.21,52.02,4.62,4.35,0.79,1.94,0.15,10.04,10.04,35
471,2.0,4,5,400.0,40.73,52.02,4.62,4.75,0.84,1.94,0.15,10.04,10.04,35
678,2.0,4,6,400.0,45.26,52.02,4.62,5.18,0.89,1.94,0.15,10.04,10.04,35
743,2.0,5,5,400.0,45.26,61.16,4.62,5.39,0.93,2.19,0.18,12.55,12.55,35
534,2.0,5,6,400.0,49.79,61.16,4.62,5.79,0.98,2.19,0.18,12.55,12.55,35
491,2.0,6,6,400.0,54.31,69.8,4.62,6.42,1.06,2.4,0.22,15.06,15.06,35
610,2.1,1,1,400.0,9.56,20.39,4.81,1.18,0.28,0.84,0.04,2.79,2.79,35
426,2.1,1,2,400.0,14.34,20.39,4.81,1.56,0.34,0.84,0.04,2.79,2.79,35
578,2.1,1,3,400.0,19.13,20.39,4.81,1.99,0.39,0.84,0.04,2.79,2.79,35
510,2.1,1,4,400.0,23.91,20.39,4.81,2.44,0.44,0.84,0.04,2.79,2.79,35
493,2.1,1,5,400.0,28.69,20.39,4.81,2.9,0.49,0.84,0.04,2.79,2.79,35
676,2.1,1,6,400.0,33.47,20.39,4.81,3.38,0.54,0.84,0.04,2.79,2.79,35
592,2.1,2,2,400.0,19.13,33.5,4.81,2.25,0.5,1.37,0.07,5.58,5.58,35
383,2.1,2,3,400.0,23.91,33.5,4.81,2.64,0.55,1.37,0.07,5.58,5.58,35
446,2.1,2,4,400.0,28.69,33.5,4.81,3.06,0.61,1.37,0.07,5.58,5.58,35
532,2.1,2,5,400.0,33.47,33.5,4.81,3.51,0.66,1.37,0.07,5.58,5.58,35
744,2.1,2,6,400.0,38.25,33.5,4.81,3.96,0.71,1.37,0.07,5.58,5.58,35
824,2.1,3,3,400.0,28.69,44.78,4.81,3.31,0.67,1.73,0.11,8.37,8.37,35
780,2.1,3,4,400.0,33.47,44.78,4.81,3.7,0.73,1.73,0.11,8.37,8.37,35
677,2.1,3,5,400.0,38.25,44.78,4.81,4.12,0.78,1.73,0.11,8.37,8.37,35
473,2.1,3,6,400.0,43.03,44.78,4.81,4.56,0.83,1.73,0.11,8.37,8.37,35
838,2.1,4,4,400.0,38.25,55.14,4.81,4.35,0.83,2.03,0.15,11.16,11.16,35
622,2.1,4,5,400.0,43.03,55.14,4.81,4.74,0.88,2.03,0.15,11.16,11.16,35
417,2.1,4,6,400.0,47.81,55.14,4.81,5.17,0.93,2.03,0.15,11.16,11.16,35
588,2.1,5,5,400.0,47.81,64.87,4.81,5.38,0.97,2.28,0.18,13.95,13.95,35
802,2.1,5,6,400.0,52.59,64.87,4.81,5.78,1.02,2.28,0.18,13.95,13.95,35
620,2.1,6,6,400.0,57.38,74.09,4.81,6.41,1.1,2.51,0.22,16.74,16.74,35
103,2.2,1,1,400.0,10.08,21.4,5.0,1.17,0.3,0.89,0.04,3.09,3.09,35
315,2.2,1,2,400.0,15.13,21.4,5.0,1.55,0.36,0.89,0.04,3.09,3.09,35
246,2.2,1,3,400.0,20.17,21.4,5.0,1.98,0.41,0.89,0.04,3.09,3.09,35
191,2.2,1,4,400.0,25.21,21.4,5.0,2.42,0.47,0.89,0.04,3.09,3.09,35
366,2.2,1,5,400.0,30.25,21.4,5.0,2.9,0.52,0.89,0.04,3.09,3.09,35
157,2.2,1,6,400.0,35.3,21.4,5.0,3.38,0.58,0.89,0.04,3.09,3.09,35
277,2.2,2,2,400.0,20.17,35.2,5.0,2.25,0.53,1.43,0.07,6.17,6.17,35
301,2.2,2,3,400.0,25.21,35.2,5.0,2.63,0.58,1.43,0.07,6.17,6.17,35
347,2.2,2,4,400.0,30.25,35.2,5.0,3.05,0.63,1.43,0.07,6.17,6.17,35
230,2.2,2,5,400.0,35.3,35.2,5.0,3.49,0.69,1.43,0.07,6.17,6.17,35
4,2.2,2,6,400.0,40.34,35.2,5.0,3.94,0.74,1.43,0.07,6.17,6.17,35
68,2.2,3,3,400.0,30.25,47.11,5.0,3.3,0.7,1.81,0.11,9.26,9.26,35
28,2.2,3,4,400.0,35.3,47.11,5.0,3.69,0.76,1.81,0.11,9.26,9.26,35
145,2.2,3,5,400.0,40.34,47.11,5.0,4.11,0.81,1.81,0.11,9.26,9.26,35
370,2.2,3,6,400.0,45.38,47.11,5.0,4.54,0.87,1.81,0.11,9.26,9.26,35
75,2.2,4,4,400.0,40.34,58.12,5.0,4.34,0.86,2.11,0.15,12.34,12.34,35
97,2.2,4,5,400.0,45.38,58.12,5.0,4.73,0.92,2.11,0.15,12.34,12.34,35
323,2.2,4,6,400.0,50.42,58.12,5.0,5.15,0.97,2.11,0.15,12.34,12.34,35
275,2.2,5,5,400.0,50.42,68.42,5.0,5.37,1.01,2.38,0.18,15.43,15.43,35
51,2.2,5,6,400.0,55.47,68.42,5.0,5.77,1.06,2.38,0.18,15.43,15.43,35
111,2.2,6,6,400.0,60.51,78.18,5.0,6.4,1.15,2.61,0.22,18.52,18.52,35
360,2.3,1,1,400.0,10.62,22.37,5.2,1.17,0.32,0.94,0.04,3.4,3.4,35
152,2.3,1,2,400.0,15.93,22.37,5.2,1.54,0.38,0.94,0.04,3.4,3.4,35
41,2.3,1,3,400.0,21.24,22.37,5.2,1.96,0.43,0.94,0.04,3.4,3.4,35
81,2.3,1,4,400.0,26.55,22.37,5.2,2.42,0.49,0.94,0.04,3.4,3.4,35
110,2.3,1,5,400.0,31.86,22.37,5.2,2.9,0.55,0.94,0.04,3.4,3.4,35
321,2.3,1,6,400.0,37.17,22.37,5.2,3.38,0.61,0.94,0.04,3.4,3.4,35
7,2.3,2,2,400.0,21.24,36.83,5.2,2.24,0.55,1.49,0.07,6.8,6.8,35
164,2.3,2,3,400.0,26.55,36.83,5.2,2.62,0.61,1.49,0.07,6.8,6.8,35
120,2.3,2,4,400.0,31.86,36.83,5.2,3.04,0.66,1.49,0.07,6.8,6.8,35
52,2.3,2,5,400.0,37.17,36.83,5.2,3.47,0.72,1.49,0.07,6.8,6.8,35
273,2.3,2,6,400.0,42.48,36.83,5.2,3.91,0.78,1.49,0.07,6.8,6.8,35
205,2.3,3,3,400.0,31.86,49.38,5.2,3.29,0.73,1.88,0.11,10.2,10.2,35
256,2.3,3,4,400.0,37.17,49.38,5.2,3.67,0.79,1.88,0.11,10.2,10.2,35
325,2.3,3,5,400.0,42.48,49.38,5.2,4.09,0.85,1.88,0.11,10.2,10.2,35
95,2.3,3,6,400.0,47.79,49.38,5.2,4.52,0.9,1.88,0.11,10.2,10.2,35
211,2.3,4,4,400.0,42.48,60.97,5.2,4.33,0.89,2.19,0.15,13.6,13.6,35
373,2.3,4,5,400.0,47.79,60.97,5.2,4.72,0.95,2.19,0.15,13.6,13.6,35
144,2.3,4,6,400.0,53.1,60.97,5.2,5.13,1.01,2.19,0.15,13.6,13.6,35
5,2.3,5,5,400.0,53.1,71.81,5.2,5.36,1.05,2.46,0.18,16.99,16.99,35
228,2.3,5,6,400.0,58.41,71.81,5.2,5.75,1.1,2.46,0.18,16.99,16.99,35
368,2.3,6,6,400.0,63.71,82.09,5.2,6.38,1.19,2.71,0.22,20.39,20.39,35
270,2.4,1,1,400.0,11.17,23.29,5.4,1.16,0.34,0.99,0.04,3.73,3.73,35
49,2.4,1,2,400.0,16.75,23.29,5.4,1.53,0.4,0.99,0.04,3.73,3.73,35
127,2.4,1,3,400.0,22.33,23.29,5.4,1.93,0.46,0.99,0.04,3.73,3.73,35
161,2.4,1,4,400.0,27.91,23.29,5.4,2.42,0.52,0.99,0.04,3.73,3.73,35
9,2.4,1,5,400.0,33.5,23.29,5.4,2.9,0.58,0.99,0.04,3.73,3.73,35
234,2.4,1,6,400.0,39.08,23.29,5.4,3.38,0.64,0.99,0.04,3.73,3.73,35
108,2.4,2,2,400.0,22.33,38.39,5.4,2.23,0.57,1.55,0.07,7.46,7.46,35
84,2.4,2,3,400.0,27.91,38.39,5.4,2.6,0.63,1.55,0.07,7.46,7.46,35
37,2.4,2,4,400.0,33.5,38.39,5.4,3.02,0.69,1.55,0.07,7.46,7.46,35
155,2.4,2,5,400.0,39.08,38.39,5.4,3.45,0.75,1.55,0.07,7.46,7.46,35
362,2.4,2,6,400.0,44.66,38.39,5.4,3.86,0.81,1.55,0.07,7.46,7.46,35
284,2.4,3,3,400.0,33.5,51.55,5.4,3.28,0.76,1.95,0.11,11.19,11.19,35
339,2.4,3,4,400.0,39.08,51.55,5.4,3.66,0.82,1.95,0.11,11.19,11.19,35
220,2.4,3,5,400.0,44.66,51.55,5.4,4.07,0.88,1.95,0.11,11.19,11.19,35
13,2.4,3,6,400.0,50.24,51.55,5.4,4.5,0.94,1.95,0.11,11.19,11.19,35
295,2.4,4,4,400.0,44.66,63.68,5.4,4.31,0.93,2.27,0.15,14.91,14.91,35
264,2.4,4,5,400.0,50.24,63.68,5.4,4.7,0.99,2.27,0.15,14.91,14.91,35
58,2.4,4,6,400.0,55.83,63.68,5.4,5.11,1.05,2.27,0.15,14.91,14.91,35
107,2.4,5,5,400.0,55.83,75.03,5.4,5.34,1.09,2.55,0.18,18.64,18.64,35
317,2.4,5,6,400.0,61.41,75.03,5.4,5.74,1.15,2.55,0.18,18.64,18.64,35
281,2.4,6,6,400.0,66.99,85.8,5.4,6.37,1.24,2.8,0.22,22.37,22.37,35
1,2.5,1,1,400.0,11.72,24.16,5.6,1.16,0.35,1.03,0.04,4.08,4.08,35
227,2.5,1,2,400.0,17.58,24.16,5.6,1.51,0.41,1.03,0.04,4.08,4.08,35
353,2.5,1,3,400.0,23.45,24.16,5.6,1.93,0.48,1.03,0.04,4.08,4.08,35
298,2.5,1,4,400.0,29.31,24.16,5.6,2.42,0.54,1.03,0.04,4.08,4.08,35
279,2.5,1,5,400.0,35.17,24.16,5.6,2.9,0.6,1.03,0.04,4.08,4.08,35
57,2.5,1,6,400.0,41.03,24.16,5.6,3.38,0.67,1.03,0.04,4.08,4.08,35
364,2.5,2,2,400.0,23.45,39.86,5.6,2.22,0.59,1.61,0.07,8.15,8.15,35
194,2.5,2,3,400.0,29.31,39.86,5.6,2.59,0.66,1.61,0.07,8.15,8.15,35
241,2.5,2,4,400.0,35.17,39.86,5.6,3.0,0.72,1.61,0.07,8.15,8.15,35
318,2.5,2,5,400.0,41.03,39.86,5.6,3.4,0.78,1.61,0.07,8.15,8.15,35
105,2.5,2,6,400.0,46.89,39.86,5.6,3.86,0.84,1.61,0.07,8.15,8.15,35
176,2.5,3,3,400.0,35.17,53.62,5.6,3.27,0.79,2.01,0.11,12.23,12.23,35
138,2.5,3,4,400.0,41.03,53.62,5.6,3.64,0.85,2.01,0.11,12.23,12.23,35
61,2.5,3,5,400.0,46.89,53.62,5.6,4.05,0.91,2.01,0.11,12.23,12.23,35
263,2.5,3,6,400.0,52.75,53.62,5.6,4.47,0.97,2.01,0.11,12.23,12.23,35
186,2.5,4,4,400.0,46.89,66.26,5.6,4.3,0.96,2.34,0.15,16.3,16.3,35
15,2.5,4,5,400.0,52.75,66.26,5.6,4.68,1.02,2.34,0.15,16.3,16.3,35
218,2.5,4,6,400.0,58.61,66.26,5.6,5.09,1.09,2.34,0.15,16.3,16.3,35
363,2.5,5,5,400.0,58.61,78.1,5.6,5.33,1.12,2.62,0.18,20.38,20.38,35
153,2.5,5,6,400.0,64.48,78.1,5.6,5.72,1.19,2.62,0.18,20.38,20.38,35
12,2.5,6,6,400.0,70.34,89.53,5.6,6.35,1.28,2.88,0.22,24.45,24.45,35
741,2.6,1,1,400.0,12.29,25.0,5.81,1.15,0.37,1.08,0.04,4.44,4.44,35
528,2.6,1,2,400.0,18.44,25.0,5.81,1.5,0.43,1.08,0.04,4.44,4.44,35
454,2.6,1,3,400.0,24.59,25.0,5.81,1.93,0.5,1.08,0.04,4.44,4.44,35
379,2.6,1,4,400.0,30.73,25.0,5.81,2.42,0.57,1.08,0.04,4.44,4.44,35
596,2.6,1,5,400.0,36.88,25.0,5.81,2.9,0.63,1.08,0.04,4.44,4.44,35
805,2.6,1,6,400.0,43.02,25.0,5.81,3.38,0.7,1.08,0.04,4.44,4.44,35
489,2.6,2,2,400.0,24.59,41.27,5.81,2.21,0.61,1.66,0.07,8.88,8.88,35
513,2.6,2,3,400.0,30.73,41.27,5.81,2.57,0.68,1.66,0.07,8.88,8.88,35
572,2.6,2,4,400.0,36.88,41.27,5.81,2.97,0.74,1.66,0.07,8.88,8.88,35
429,2.6,2,5,400.0,43.02,41.27,5.81,3.38,0.81,1.66,0.07,8.88,8.88,35
615,2.6,2,6,400.0,49.17,41.27,5.81,3.86,0.88,1.66,0.07,8.88,8.88,35
690,2.6,3,3,400.0,36.88,55.59,5.81,3.25,0.81,2.07,0.11,13.32,13.32,35
644,2.6,3,4,400.0,43.02,55.59,5.81,3.62,0.88,2.07,0.11,13.32,13.32,35
784,2.6,3,5,400.0,49.17,55.59,5.81,4.03,0.94,2.07,0.11,13.32,13.32,35
601,2.6,3,6,400.0,55.32,55.59,5.81,4.44,1.01,2.07,0.11,13.32,13.32,35
704,2.6,4,4,400.0,49.17,68.72,5.81,4.28,0.99,2.41,0.15,17.76,17.76,35
725,2.6,4,5,400.0,55.32,68.72,5.81,4.66,1.06,2.41,0.15,17.76,17.76,35
544,2.6,4,6,400.0,61.46,68.72,5.81,5.07,1.12,2.41,0.15,17.76,17.76,35
485,2.6,5,5,400.0,61.46,81.01,5.81,5.31,1.16,2.7,0.18,22.2,22.2,35
672,2.6,5,6,400.0,67.61,81.01,5.81,5.69,1.23,2.7,0.18,22.2,22.2,35
748,2.6,6,6,400.0,73.76,93.22,5.81,6.33,1.32,2.97,0.22,26.64,26.64,35
587,2.7,1,1,400.0,12.87,25.79,6.03,1.14,0.38,1.12,0.04,4.82,4.82,35
797,2.7,1,2,400.0,19.31,25.79,6.03,1.46,0.45,1.12,0.04,4.82,4.82,35
662,2.7,1,3,400.0,25.75,25.79,6.03,1.93,0.52,1.12,0.04,4.82,4.82,35
706,2.7,1,4,400.0,32.19,25.79,6.03,2.42,0.59,1.12,0.04,4.82,4.82,35
751,2.7,1,5,400.0,38.62,25.79,6.03,2.9,0.66,1.12,0.04,4.82,4.82,35
537,2.7,1,6,400.0,45.06,25.79,6.03,3.38,0.73,1.12,0.04,4.82,4.82,35
617,2.7,2,2,400.0,25.75,42.62,6.03,2.2,0.64,1.71,0.07,9.64,9.64,35
812,2.7,2,3,400.0,32.19,42.62,6.03,2.55,0.7,1.71,0.07,9.64,9.64,35
762,2.7,2,4,400.0,38.62,42.62,6.03,2.92,0.77,1.71,0.07,9.64,9.64,35
670,2.7,2,5,400.0,45.06,42.62,6.03,3.38,0.84,1.71,0.07,9.64,9.64,35
486,2.7,2,6,400.0,51.5,42.62,6.03,3.86,0.91,1.71,0.07,9.64,9.64,35
399,2.7,3,3,400.0,38.62,57.46,6.03,3.24,0.84,2.13,0.11,14.46,14.46,35
468,2.7,3,4,400.0,45.06,57.46,6.03,3.6,0.91,2.13,0.11,14.46,14.46,35
541,2.7,3,5,400.0,51.5,57.46,6.03,3.99,0.98,2.13,0.11,14.46,14.46,35
729,2.7,3,6,400.0,57.93,57.46,6.03,4.38,1.04,2.13,0.11,14.46,14.46,35
412,2.7,4,4,400.0,51.5,71.05,6.03,4.27,1.03,2.47,0.15,19.28,19.28,35
598,2.7,4,5,400.0,57.93,71.05,6.03,4.64,1.09,2.47,0.15,19.28,19.28,35
788,2.7,4,6,400.0,64.37,71.05,6.03,5.04,1.16,2.47,0.15,19.28,19.28,35
613,2.7,5,5,400.0,64.37,83.89,6.03,5.29,1.2,2.77,0.18,24.11,24.11,35
430,2.7,5,6,400.0,70.81,83.89,6.03,5.67,1.27,2.77,0.18,24.11,24.11,35
594,2.7,6,6,400.0,77.24,96.66,6.03,6.31,1.37,3.05,0.22,28.93,28.93,35
539,2.8,1,1,400.0,13.47,26.55,6.24,1.13,0.4,1.16,0.04,5.22,5.22,35
727,2.8,1,2,400.0,20.2,26.55,6.24,1.45,0.47,1.16,0.04,5.22,5.22,35
701,2.8,1,3,400.0,26.93,26.55,6.24,1.93,0.54,1.16,0.04,5.22,5.22,35
634,2.8,1,4,400.0,33.67,26.55,6.24,2.42,0.61,1.16,0.04,5.22,5.22,35
792,2.8,1,5,400.0,40.4,26.55,6.24,2.9,0.69,1.16,0.04,5.22,5.22,35
607,2.8,1,6,400.0,47.14,26.55,6.24,3.38,0.76,1.16,0.04,5.22,5.22,35
686,2.8,2,2,400.0,26.93,43.94,6.24,2.19,0.66,1.75,0.07,10.44,10.44,35
771,2.8,2,3,400.0,33.67,43.94,6.24,2.53,0.73,1.75,0.07,10.44,10.44,35
830,2.8,2,4,400.0,40.4,43.94,6.24,2.9,0.8,1.75,0.07,10.44,10.44,35
627,2.8,2,5,400.0,47.14,43.94,6.24,3.38,0.87,1.75,0.07,10.44,10.44,35
420,2.8,2,6,400.0,53.87,43.94,6.24,3.86,0.94,1.75,0.07,10.44,10.44,35
438,2.8,3,3,400.0,40.4,59.25,6.24,3.22,0.87,2.18,0.11,15.66,15.66,35
391,2.8,3,4,400.0,47.14,59.25,6.24,3.58,0.94,2.18,0.11,15.66,15.66,35
585,2.8,3,5,400.0,53.87,59.25,6.24,3.95,1.01,2.18,0.11,15.66,15.66,35
795,2.8,3,6,400.0,60.6,59.25,6.24,4.35,1.08,2.18,0.11,15.66,15.66,35
450,2.8,4,4,400.0,53.87,73.27,6.24,4.25,1.06,2.53,0.15,20.88,20.88,35
530,2.8,4,5,400.0,60.6,73.27,6.24,4.61,1.13,2.53,0.15,20.88,20.88,35
736,2.8,4,6,400.0,67.34,73.27,6.24,5.0,1.2,2.53,0.15,20.88,20.88,35
684,2.8,5,5,400.0,67.34,86.75,6.24,5.27,1.24,2.84,0.18,26.1,26.1,35
474,2.8,5,6,400.0,74.07,86.75,6.24,5.64,1.31,2.84,0.18,26.1,26.1,35
551,2.8,6,6,400.0,80.8,99.87,6.24,6.28,1.41,3.13,0.22,31.32,31.32,35
783,2.9,1,1,400.0,14.07,27.28,6.47,1.12,0.41,1.19,0.04,5.64,5.64,35
600,2.9,1,2,400.0,21.11,27.28,6.47,1.45,0.49,1.19,0.04,5.64,5.64,35
409,2.9,1,3,400.0,28.15,27.28,6.47,1.93,0.56,1.19,0.04,5.64,5.64,35
458,2.9,1,4,400.0,35.18,27.28,6.47,2.42,0.64,1.19,0.04,5.64,5.64,35
549,2.9,1,5,400.0,42.22,27.28,6.47,2.9,0.71,1.19,0.04,5.64,5.64,35
735,2.9,1,6,400.0,49.25,27.28,6.47,3.38,0.79,1.19,0.04,5.64,5.64,35
424,2.9,2,2,400.0,28.15,45.19,6.47,2.17,0.68,1.8,0.07,11.28,11.28,35
553,2.9,2,3,400.0,35.18,45.19,6.47,2.5,0.75,1.8,0.07,11.28,11.28,35
501,2.9,2,4,400.0,42.22,45.19,6.47,2.9,0.82,1.8,0.07,11.28,11.28,35
476,2.9,2,5,400.0,49.25,45.19,6.47,3.38,0.9,1.8,0.07,11.28,11.28,35
681,2.9,2,6,400.0,56.29,45.19,6.47,3.86,0.97,1.8,0.07,11.28,11.28,35
648,2.9,3,3,400.0,42.22,60.95,6.47,3.2,0.89,2.23,0.11,16.91,16.91,35
718,2.9,3,4,400.0,49.25,60.95,6.47,3.55,0.97,2.23,0.11,16.91,16.91,35
740,2.9,3,5,400.0,56.29,60.95,6.47,3.88,1.04,2.23,0.11,16.91,16.91,35
527,2.9,3,6,400.0,63.33,60.95,6.47,4.35,1.12,2.23,0.11,16.91,16.91,35
659,2.9,4,4,400.0,56.29,75.39,6.47,4.22,1.09,2.59,0.15,22.55,22.55,35
799,2.9,4,5,400.0,63.33,75.39,6.47,4.58,1.16,2.59,0.15,22.55,22.55,35
582,2.9,4,6,400.0,70.36,75.39,6.47,4.95,1.24,2.59,0.15,22.55,22.55,35
422,2.9,5,5,400.0,70.36,89.41,6.47,5.24,1.28,2.91,0.18,28.19,28.19,35
625,2.9,5,6,400.0,77.4,89.41,6.47,5.61,1.35,2.91,0.18,28.19,28.19,35
794,2.9,6,6,400.0,84.44,102.86,6.47,6.25,1.46,3.2,0.22,33.83,33.83,35
195,3.0,1,1,400.0,14.69,27.97,6.69,1.11,0.43,1.23,0.04,6.07,6.07,35
39,3.0,1,2,400.0,22.03,27.97,6.69,1.45,0.5,1.23,0.04,6.07,6.07,35
154,3.0,1,3,400.0,29.38,27.97,6.69,1.93,0.58,1.23,0.04,6.07,6.07,35
109,3.0,1,4,400.0,36.72,27.97,6.69,2.42,0.66,1.23,0.04,6.07,6.07,35
83,3.0,1,5,400.0,44.07,27.97,6.69,2.9,0.74,1.23,0.04,6.07,6.07,35
239,3.0,1,6,400.0,51.41,27.97,6.69,3.38,0.82,1.23,0.04,6.07,6.07,35
159,3.0,2,2,400.0,29.38,46.39,6.69,2.15,0.7,1.84,0.07,12.15,12.15,35
11,3.0,2,3,400.0,36.72,46.39,6.69,2.45,0.77,1.84,0.07,12.15,12.15,35
47,3.0,2,4,400.0,44.07,46.39,6.69,2.9,0.85,1.84,0.07,12.15,12.15,35
129,3.0,2,5,400.0,51.41,46.39,6.69,3.38,0.93,1.84,0.07,12.15,12.15,35
309,3.0,2,6,400.0,58.76,46.39,6.69,3.86,1.01,1.84,0.07,12.15,12.15,35
375,3.0,3,3,400.0,44.07,62.57,6.69,3.18,0.92,2.28,0.11,18.22,18.22,35
327,3.0,3,4,400.0,51.41,62.57,6.69,3.51,1.0,2.28,0.11,18.22,18.22,35
254,3.0,3,5,400.0,58.76,62.57,6.69,3.86,1.07,2.28,0.11,18.22,18.22,35
70,3.0,3,6,400.0,66.1,62.57,6.69,4.35,1.15,2.28,0.11,18.22,18.22,35
374,3.0,4,4,400.0,58.76,77.49,6.69,4.2,1.12,2.64,0.15,24.29,24.29,35
209,3.0,4,5,400.0,66.1,77.49,6.69,4.54,1.2,2.64,0.15,24.29,24.29,35
23,3.0,4,6,400.0,73.45,77.49,6.69,4.88,1.28,2.64,0.15,24.29,24.29,35
173,3.0,5,5,400.0,73.45,91.9,6.69,5.21,1.32,2.97,0.18,30.37,30.37,35
354,3.0,5,6,400.0,80.79,91.9,6.69,5.57,1.39,2.97,0.18,30.37,30.37,35
193,3.0,6,6,400.0,88.14,105.65,6.69,6.22,1.5,3.26,0.22,36.44,36.44,35
86,3.1,1,1,400.0,15.32,28.64,6.93,1.1,0.44,1.26,0.04,6.53,6.53,35
242,3.1,1,2,400.0,22.98,28.64,6.93,1.45,0.52,1.26,0.04,6.53,6.53,35
316,3.1,1,3,400.0,30.64,28.64,6.93,1.93,0.6,1.26,0.04,6.53,6.53,35
365,3.1,1,4,400.0,38.3,28.64,6.93,2.42,0.68,1.26,0.04,6.53,6.53,35
192,3.1,1,5,400.0,45.96,28.64,6.93,2.9,0.77,1.26,0.04,6.53,6.53,35
36,3.1,1,6,400.0,53.61,28.64,6.93,3.38,0.85,1.26,0.04,6.53,6.53,35
297,3.1,2,2,400.0,30.64,47.54,6.93,2.13,0.72,1.88,0.07,13.06,13.06,35
282,3.1,2,3,400.0,38.3,47.54,6.93,2.42,0.8,1.88,0.07,13.06,13.06,35
225,3.1,2,4,400.0,45.96,47.54,6.93,2.9,0.88,1.88,0.07,13.06,13.06,35
357,3.1,2,5,400.0,53.61,47.54,6.93,3.38,0.96,1.88,0.07,13.06,13.06,35
171,3.1,2,6,400.0,61.27,47.54,6.93,3.86,1.04,1.88,0.07,13.06,13.06,35
99,3.1,3,3,400.0,45.96,64.13,6.93,3.16,0.95,2.33,0.11,19.58,19.58,35
147,3.1,3,4,400.0,53.61,64.13,6.93,3.46,1.03,2.33,0.11,19.58,19.58,35
25,3.1,3,5,400.0,61.27,64.13,6.93,3.86,1.11,2.33,0.11,19.58,19.58,35
207,3.1,3,6,400.0,68.93,64.13,6.93,4.35,1.19,2.33,0.11,19.58,19.58,35
98,3.1,4,4,400.0,61.27,79.53,6.93,4.17,1.16,2.7,0.15,26.11,26.11,35
72,3.1,4,5,400.0,68.93,79.53,6.93,4.5,1.24,2.7,0.15,26.11,26.11,35
252,3.1,4,6,400.0,76.59,79.53,6.93,4.83,1.32,2.7,0.15,26.11,26.11,35
311,3.1,5,5,400.0,76.59,94.23,6.93,5.18,1.36,3.03,0.18,32.64,32.64,35
125,3.1,5,6,400.0,84.25,94.23,6.93,5.52,1.44,3.03,0.18,32.64,32.64,35
85,3.1,6,6,400.0,91.91,108.25,6.93,6.18,1.55,3.32,0.22,39.17,39.17,35
817,3.2,1,1,400.0,15.96,29.29,7.16,1.09,0.45,1.29,0.04,7.0,7.0,35
570,3.2,1,2,400.0,23.94,29.29,7.16,1.45,0.54,1.29,0.04,7.0,7.0,35
431,3.2,1,3,400.0,31.92,29.29,7.16,1.93,0.62,1.29,0.04,7.0,7.0,35
488,3.2,1,4,400.0,39.9,29.29,7.16,2.42,0.71,1.29,0.04,7.0,7.0,35
515,3.2,1,5,400.0,47.88,29.29,7.16,2.9,0.79,1.29,0.04,7.0,7.0,35
755,3.2,1,6,400.0,55.86,29.29,7.16,3.38,0.88,1.29,0.04,7.0,7.0,35
381,3.2,2,2,400.0,31.92,48.65,7.16,2.11,0.74,1.92,0.07,14.0,14.0,35
593,3.2,2,3,400.0,39.9,48.65,7.16,2.42,0.82,1.92,0.07,14.0,14.0,35
531,3.2,2,4,400.0,47.88,48.65,7.16,2.9,0.9,1.92,0.07,14.0,14.0,35
448,3.2,2,5,400.0,55.86,48.65,7.16,3.38,0.99,1.92,0.07,14.0,14.0,35
722,3.2,2,6,400.0,63.84,48.65,7.16,3.86,1.07,1.92,0.07,14.0,14.0,35
629,3.2,3,3,400.0,47.88,65.63,7.16,3.13,0.97,2.37,0.11,21.0,21.0,35
683,3.2,3,4,400.0,55.86,65.63,7.16,3.38,1.05,2.37,0.11,21.0,21.0,35
774,3.2,3,5,400.0,63.84,65.63,7.16,3.86,1.14,2.37,0.11,21.0,21.0,35
505,3.2,3,6,400.0,71.82,65.63,7.16,4.35,1.22,2.37,0.11,21.0,21.0,35
626,3.2,4,4,400.0,63.84,81.44,7.16,4.14,1.19,2.75,0.15,28.0,28.0,35
832,3.2,4,5,400.0,71.82,81.44,7.16,4.43,1.27,2.75,0.15,28.0,28.0,35
559,3.2,4,6,400.0,79.8,81.44,7.16,4.83,1.36,2.75,0.15,28.0,28.0,35
389,3.2,5,5,400.0,79.8,96.41,7.16,5.14,1.39,3.08,0.18,35.0,35.0,35
664,3.2,5,6,400.0,87.78,96.41,7.16,5.46,1.48,3.08,0.18,35.0,35.0,35
811,3.2,6,6,400.0,95.76,110.69,7.16,6.14,1.59,3.38,0.22,42.01,42.01,35
520,3.3,1,1,400.0,16.61,29.91,7.4,1.07,0.47,1.32,0.04,7.49,7.49,35
760,3.3,1,2,400.0,24.92,29.91,7.4,1.45,0.56,1.32,0.04,7.49,7.49,35
671,3.3,1,3,400.0,33.22,29.91,7.4,1.93,0.64,1.32,0.04,7.49,7.49,35
616,3.3,1,4,400.0,41.53,29.91,7.4,2.42,0.73,1.32,0.04,7.49,7.49,35
813,3.3,1,5,400.0,49.84,29.91,7.4,2.9,0.82,1.32,0.04,7.49,7.49,35
567,3.3,1,6,400.0,58.14,29.91,7.4,3.38,0.91,1.32,0.04,7.49,7.49,35
708,3.3,2,2,400.0,33.22,49.72,7.4,2.09,0.76,1.96,0.07,14.99,14.99,35
749,3.3,2,3,400.0,41.53,49.72,7.4,2.42,0.84,1.96,0.07,14.99,14.99,35
800,3.3,2,4,400.0,49.84,49.72,7.4,2.9,0.93,1.96,0.07,14.99,14.99,35
657,3.3,2,5,400.0,58.14,49.72,7.4,3.38,1.02,1.96,0.07,14.99,14.99,35
393,3.3,2,6,400.0,66.45,49.72,7.4,3.86,1.11,1.96,0.07,14.99,14.99,35
478,3.3,3,3,400.0,49.84,67.08,7.4,3.09,1.0,2.41,0.11,22.48,22.48,35
421,3.3,3,4,400.0,58.14,67.08,7.4,3.38,1.08,2.41,0.11,22.48,22.48,35
556,3.3,3,5,400.0,66.45,67.08,7.4,3.86,1.17,2.41,0.11,22.48,22.48,35
835,3.3,3,6,400.0,74.75,67.08,7.4,4.35,1.26,2.41,0.11,22.48,22.48,35
475,3.3,4,4,400.0,66.45,83.25,7.4,4.1,1.22,2.8,0.15,29.97,29.97,35
502,3.3,4,5,400.0,74.75,83.25,7.4,4.35,1.31,2.8,0.15,29.97,29.97,35
777,3.3,4,6,400.0,83.06,83.25,7.4,4.83,1.39,2.8,0.15,29.97,29.97,35
717,3.3,5,5,400.0,83.06,98.49,7.4,5.1,1.43,3.13,0.18,37.47,37.47,35
453,3.3,5,6,400.0,91.36,98.49,7.4,5.36,1.52,3.13,0.18,37.47,37.47,35
514,3.3,6,6,400.0,99.67,113.0,7.4,6.09,1.64,3.44,0.22,44.96,44.96,35
387,3.4,1,1,400.0,17.28,30.53,7.65,1.05,0.48,1.35,0.04,8.0,8.0,35
654,3.4,1,2,400.0,25.91,30.53,7.65,1.45,0.57,1.35,0.04,8.0,8.0,35
803,3.4,1,3,400.0,34.55,30.53,7.65,1.93,0.66,1.35,0.04,8.0,8.0,35
746,3.4,1,4,400.0,43.19,30.53,7.65,2.42,0.75,1.35,0.04,8.0,8.0,35
712,3.4,1,5,400.0,51.83,30.53,7.65,2.9,0.85,1.35,0.04,8.0,8.0,35
441,3.4,1,6,400.0,60.47,30.53,7.65,3.38,0.94,1.35,0.04,8.0,8.0,35
810,3.4,2,2,400.0,34.55,50.77,7.65,2.06,0.78,1.99,0.07,16.01,16.01,35
619,3.4,2,3,400.0,43.19,50.77,7.65,2.42,0.87,1.99,0.07,16.01,16.01,35
668,3.4,2,4,400.0,51.83,50.77,7.65,2.9,0.96,1.99,0.07,16.01,16.01,35
765,3.4,2,5,400.0,60.47,50.77,7.65,3.38,1.05,1.99,0.07,16.01,16.01,35
525,3.4,2,6,400.0,69.1,50.77,7.65,3.86,1.14,1.99,0.07,16.01,16.01,35
604,3.4,3,3,400.0,51.83,68.52,7.65,3.05,1.03,2.46,0.11,24.01,24.01,35
547,3.4,3,4,400.0,60.47,68.52,7.65,3.38,1.11,2.46,0.11,24.01,24.01,35
460,3.4,3,5,400.0,69.1,68.52,7.65,3.86,1.21,2.46,0.11,24.01,24.01,35
696,3.4,3,6,400.0,77.74,68.52,7.65,4.35,1.3,2.46,0.11,24.01,24.01,35
603,3.4,4,4,400.0,69.1,84.99,7.65,4.05,1.25,2.84,0.15,32.02,32.02,35
403,3.4,4,5,400.0,77.74,84.99,7.65,4.35,1.34,2.84,0.15,32.02,32.02,35
637,3.4,4,6,400.0,86.38,84.99,7.65,4.83,1.44,2.84,0.15,32.02,32.02,35
821,3.4,5,5,400.0,86.38,100.47,7.65,5.04,1.47,3.18,0.18,40.02,40.02,35
580,3.4,5,6,400.0,95.02,100.47,7.65,5.31,1.56,3.18,0.18,40.02,40.02,35
382,3.4,6,6,400.0,103.66,115.68,7.65,6.03,1.69,3.5,0.22,48.03,48.03,35
715,3.5,1,1,400.0,17.95,31.13,7.89,1.02,0.49,1.38,0.04,8.54,8.54,35
444,3.5,1,2,400.0,26.93,31.13,7.89,1.45,0.59,1.38,0.04,8.54,8.54,35
533,3.5,1,3,400.0,35.9,31.13,7.89,1.93,0.68,1.38,0.04,8.54,8.54,35
591,3.5,1,4,400.0,44.88,31.13,7.89,2.42,0.78,1.38,0.04,8.54,8.54,35
384,3.5,1,5,400.0,53.86,31.13,7.89,2.9,0.87,1.38,0.04,8.54,8.54,35
651,3.5,1,6,400.0,62.83,31.13,7.89,3.38,0.97,1.38,0.04,8.54,8.54,35
512,3.5,2,2,400.0,35.9,51.8,7.89,2.01,0.8,2.03,0.07,17.07,17.07,35
492,3.5,2,3,400.0,44.88,51.8,7.89,2.42,0.89,2.03,0.07,17.07,17.07,35
427,3.5,2,4,400.0,53.86,51.8,7.89,2.9,0.98,2.03,0.07,17.07,17.07,35
576,3.5,2,5,400.0,62.83,51.8,7.89,3.38,1.08,2.03,0.07,17.07,17.07,35
823,3.5,2,6,400.0,71.81,51.8,7.89,3.86,1.17,2.03,0.07,17.07,17.07,35
731,3.5,3,3,400.0,53.86,69.93,7.89,3.0,1.05,2.5,0.11,25.61,25.61,35
790,3.5,3,4,400.0,62.83,69.93,7.89,3.38,1.15,2.5,0.11,25.61,25.61,35
635,3.5,3,5,400.0,71.81,69.93,7.89,3.86,1.24,2.5,0.11,25.61,25.61,35
405,3.5,3,6,400.0,80.79,69.93,7.89,4.35,1.33,2.5,0.11,25.61,25.61,35
730,3.5,4,4,400.0,71.81,86.66,7.89,3.99,1.29,2.89,0.15,34.14,34.14,35
694,3.5,4,5,400.0,80.79,86.66,7.89,4.35,1.38,2.89,0.15,34.14,34.14,35
462,3.5,4,6,400.0,89.76,86.66,7.89,4.83,1.48,2.89,0.15,34.14,34.14,35
523,3.5,5,5,400.0,89.76,102.39,7.89,4.97,1.51,3.23,0.18,42.68,42.68,35
768,3.5,5,6,400.0,98.74,102.39,7.89,5.31,1.61,3.23,0.18,42.68,42.68,35
711,3.5,6,6,400.0,107.71,118.52,7.89,5.95,1.73,3.56,0.22,51.22,51.22,35
166,3.6,1,1,400.0,18.64,31.73,8.15,0.97,0.51,1.41,0.04,9.09,9.09,35
350,3.6,1,2,400.0,27.96,31.73,8.15,1.45,0.61,1.41,0.04,9.09,9.09,35
229,3.6,1,3,400.0,37.28,31.73,8.15,1.93,0.7,1.41,0.04,9.09,9.09,35
278,3.6,1,4,400.0,46.6,31.73,8.15,2.42,0.8,1.41,0.04,9.09,9.09,35
300,3.6,1,5,400.0,55.92,31.73,8.15,2.9,0.9,1.41,0.04,9.09,9.09,35
117,3.6,1,6,400.0,65.24,31.73,8.15,3.38,1.0,1.41,0.04,9.09,9.09,35
189,3.6,2,2,400.0,37.28,52.83,8.15,1.93,0.82,2.06,0.07,18.17,18.17,35
367,3.6,2,3,400.0,46.6,52.83,8.15,2.42,0.91,2.06,0.07,18.17,18.17,35
314,3.6,2,4,400.0,55.92,52.83,8.15,2.9,1.01,2.06,0.07,18.17,18.17,35
248,3.6,2,5,400.0,65.24,52.83,8.15,3.38,1.11,2.06,0.07,18.17,18.17,35
89,3.6,2,6,400.0,74.56,52.83,8.15,3.86,1.21,2.06,0.07,18.17,18.17,35
19,3.6,3,3,400.0,55.92,71.31,8.15,2.9,1.08,2.54,0.11,27.26,27.26,35
62,3.6,3,4,400.0,65.24,71.31,8.15,3.38,1.18,2.54,0.11,27.26,27.26,35
137,3.6,3,5,400.0,74.56,71.31,8.15,3.86,1.27,2.54,0.11,27.26,27.26,35
290,3.6,3,6,400.0,83.88,71.31,8.15,4.35,1.37,2.54,0.11,27.26,27.26,35
16,3.6,4,4,400.0,74.56,88.31,8.15,3.86,1.32,2.93,0.15,36.35,36.35,35
184,3.6,4,5,400.0,83.88,88.31,8.15,4.35,1.42,2.93,0.15,36.35,36.35,35
334,3.6,4,6,400.0,93.2,88.31,8.15,4.83,1.52,2.93,0.15,36.35,36.35,35
200,3.6,5,5,400.0,93.2,104.28,8.15,4.83,1.55,3.28,0.18,45.44,45.44,35
42,3.6,5,6,400.0,102.52,104.28,8.15,5.31,1.65,3.28,0.18,45.44,45.44,35
163,3.6,6,6,400.0,111.84,121.24,8.15,5.8,1.78,3.62,0.22,54.52,54.52,35
304,3.7,1,1,400.0,19.34,32.35,8.41,0.97,0.52,1.44,0.04,9.66,9.66,35
122,3.7,1,2,400.0,29.01,32.35,8.41,1.45,0.62,1.44,0.04,9.66,9.66,35
50,3.7,1,3,400.0,38.68,32.35,8.41,1.93,0.72,1.44,0.04,9.66,9.66,35
8,3.7,1,4,400.0,48.35,32.35,8.41,2.42,0.83,1.44,0.04,9.66,9.66,35
162,3.7,1,5,400.0,58.02,32.35,8.41,2.9,0.93,1.44,0.04,9.66,9.66,35
345,3.7,1,6,400.0,67.69,32.35,8.41,3.38,1.03,1.44,0.04,9.66,9.66,35
80,3.7,2,2,400.0,38.68,53.85,8.41,1.93,0.84,2.1,0.07,19.32,19.32,35
112,3.7,2,3,400.0,48.35,53.85,8.41,2.42,0.94,2.1,0.07,19.32,19.32,35
151,3.7,2,4,400.0,58.02,53.85,8.41,2.9,1.04,2.1,0.07,19.32,19.32,35
45,3.7,2,5,400.0,67.69,53.85,8.41,3.38,1.14,2.1,0.07,19.32,19.32,35
198,3.7,2,6,400.0,77.36,53.85,8.41,3.86,1.24,2.1,0.07,19.32,19.32,35
268,3.7,3,3,400.0,58.02,72.67,8.41,2.9,1.1,2.58,0.11,28.97,28.97,35
221,3.7,3,4,400.0,67.69,72.67,8.41,3.38,1.21,2.58,0.11,28.97,28.97,35
337,3.7,3,5,400.0,77.36,72.67,8.41,3.86,1.31,2.58,0.11,28.97,28.97,35
182,3.7,3,6,400.0,87.03,72.67,8.41,4.35,1.41,2.58,0.11,28.97,28.97,35
265,3.7,4,4,400.0,77.36,89.95,8.41,3.86,1.35,2.98,0.15,38.63,38.63,35
292,3.7,4,5,400.0,87.03,89.95,8.41,4.35,1.46,2.98,0.15,38.63,38.63,35
134,3.7,4,6,400.0,96.7,89.95,8.41,4.83,1.56,2.98,0.15,38.63,38.63,35
91,3.7,5,5,400.0,96.7,106.61,8.41,4.83,1.59,3.33,0.18,48.29,48.29,35
244,3.7,5,6,400.0,106.37,106.61,8.41,5.31,1.7,3.33,0.18,48.29,48.29,35
302,3.7,6,6,400.0,116.04,123.87,8.41,5.8,1.83,3.68,0.22,57.95,57.95,35
335,3.8,1,1,400.0,20.05,32.97,8.67,0.97,0.53,1.47,0.04,10.25,10.25,35
180,3.8,1,2,400.0,30.08,32.97,8.67,1.45,0.64,1.47,0.04,10.25,10.25,35
17,3.8,1,3,400.0,40.1,32.97,8.67,1.93,0.74,1.47,0.04,10.25,10.25,35
64,3.8,1,4,400.0,50.13,32.97,8.67,2.42,0.85,1.47,0.04,10.25,10.25,35
132,3.8,1,5,400.0,60.16,32.97,8.67,2.9,0.95,1.47,0.04,10.25,10.25,35
286,3.8,1,6,400.0,70.18,32.97,8.67,3.38,1.06,1.47,0.04,10.25,10.25,35
22,3.8,2,2,400.0,40.1,54.89,8.67,1.93,0.86,2.13,0.07,20.5,20.5,35
148,3.8,2,3,400.0,50.13,54.89,8.67,2.42,0.96,2.13,0.07,20.5,20.5,35
96,3.8,2,4,400.0,60.16,54.89,8.67,2.9,1.07,2.13,0.07,20.5,20.5,35
77,3.8,2,5,400.0,70.18,54.89,8.67,3.38,1.17,2.13,0.07,20.5,20.5,35
261,3.8,2,6,400.0,80.21,54.89,8.67,3.86,1.28,2.13,0.07,20.5,20.5,35
232,3.8,3,3,400.0,60.16,74.05,8.67,2.9,1.13,2.62,0.11,30.75,30.75,35
276,3.8,3,4,400.0,70.18,74.05,8.67,3.38,1.24,2.62,0.11,30.75,30.75,35
303,3.8,3,5,400.0,80.21,74.05,8.67,3.86,1.34,2.62,0.11,30.75,30.75,35
121,3.8,3,6,400.0,90.23,74.05,8.67,4.35,1.45,2.62,0.11,30.75,30.75,35
231,3.8,4,4,400.0,80.21,91.62,8.67,3.86,1.39,3.02,0.15,41.0,41.0,35
346,3.8,4,5,400.0,90.23,91.62,8.67,4.35,1.49,3.02,0.15,41.0,41.0,35
168,3.8,4,6,400.0,100.26,91.62,8.67,4.83,1.6,3.02,0.15,41.0,41.0,35
29,3.8,5,5,400.0,100.26,109.0,8.67,4.83,1.64,3.39,0.18,51.25,51.25,35
216,3.8,5,6,400.0,110.29,109.0,8.67,5.31,1.74,3.39,0.18,51.25,51.25,35
331,3.8,6,6,400.0,120.31,126.43,8.67,5.8,1.88,3.74,0.22,61.5,61.5,35
136,3.9,1,1,400.0,20.78,33.61,8.93,0.97,0.55,1.49,0.04,10.86,10.86,35
289,3.9,1,2,400.0,31.16,33.61,8.93,1.45,0.66,1.49,0.04,10.86,10.86,35
266,3.9,1,3,400.0,41.55,33.61,8.93,1.93,0.76,1.49,0.04,10.86,10.86,35
223,3.9,1,4,400.0,51.94,33.61,8.93,2.42,0.87,1.49,0.04,10.86,10.86,35
332,3.9,1,5,400.0,62.33,33.61,8.93,2.9,0.98,1.49,0.04,10.86,10.86,35
179,3.9,1,6,400.0,72.71,33.61,8.93,3.38,1.09,1.49,0.04,10.86,10.86,35
250,3.9,2,2,400.0,41.55,55.95,8.93,1.93,0.88,2.16,0.07,21.72,21.72,35
328,3.9,2,3,400.0,51.94,55.95,8.93,2.42,0.99,2.16,0.07,21.72,21.72,35
372,3.9,2,4,400.0,62.33,55.95,8.93,2.9,1.09,2.16,0.07,21.72,21.72,35
213,3.9,2,5,400.0,72.71,55.95,8.93,3.38,1.2,2.16,0.07,21.72,21.72,35
31,3.9,2,6,400.0,83.1,55.95,8.93,3.86,1.31,2.16,0.07,21.72,21.72,35
54,3.9,3,3,400.0,62.33,75.46,8.93,2.9,1.16,2.65,0.11,32.59,32.59,35
6,3.9,3,4,400.0,72.71,75.46,8.93,3.38,1.27,2.65,0.11,32.59,32.59,35
165,3.9,3,5,400.0,83.1,75.46,8.93,3.86,1.38,2.65,0.11,32.59,32.59,35
349,3.9,3,6,400.0,93.49,75.46,8.93,4.35,1.49,2.65,0.11,32.59,32.59,35
53,3.9,4,4,400.0,83.1,93.36,8.93,3.86,1.42,3.06,0.15,43.45,43.45,35
118,3.9,4,5,400.0,93.49,93.36,8.93,4.35,1.53,3.06,0.15,43.45,43.45,35
306,3.9,4,6,400.0,103.88,93.36,8.93,4.83,1.64,3.06,0.15,43.45,43.45,35
258,3.9,5,5,400.0,103.88,111.36,8.93,4.83,1.68,3.44,0.18,54.31,54.31,35
79,3.9,5,6,400.0,114.26,111.36,8.93,5.31,1.79,3.44,0.18,54.31,54.31,35
131,3.9,6,6,400.0,124.65,128.98,8.93,5.8,1.92,3.79,0.22,65.17,65.17,35
767,4.0,1,1,400.0,21.51,34.28,9.2,0.97,0.56,1.52,0.04,11.49,11.49,35
522,4.0,1,2,400.0,32.27,34.28,9.2,1.45,0.67,1.52,0.04,11.49,11.49,35
482,4.0,1,3,400.0,43.02,34.28,9.2,1.93,0.78,1.52,0.04,11.49,11.49,35
435,4.0,1,4,400.0,53.78,34.28,9.2,2.42,0.9,1.52,0.04,11.49,11.49,35
565,4.0,1,5,400.0,64.53,34.28,9.2,2.9,1.01,1.52,0.04,11.49,11.49,35
808,4.0,1,6,400.0,75.29,34.28,9.2,3.38,1.12,1.52,0.04,11.49,11.49,35
442,4.0,2,2,400.0,43.02,57.05,9.2,1.93,0.9,2.2,0.07,22.99,22.99,35
535,4.0,2,3,400.0,53.78,57.05,9.2,2.42,1.01,2.2,0.07,22.99,22.99,35
589,4.0,2,4,400.0,64.53,57.05,9.2,2.9,1.12,2.2,0.07,22.99,22.99,35
385,4.0,2,5,400.0,75.29,57.05,9.2,3.38,1.23,2.2,0.07,22.99,22.99,35
656,4.0,2,6,400.0,86.04,57.05,9.2,3.86,1.35,2.2,0.07,22.99,22.99,35
687,4.0,3,3,400.0,64.53,76.94,9.2,2.9,1.19,2.69,0.11,34.48,34.48,35
624,4.0,3,4,400.0,75.29,76.94,9.2,3.38,1.3,2.69,0.11,34.48,34.48,35
836,4.0,3,5,400.0,86.04,76.94,9.2,3.86,1.41,2.69,0.11,34.48,34.48,35
562,4.0,3,6,400.0,96.8,76.94,9.2,4.35,1.52,2.69,0.11,34.48,34.48,35
679,4.0,4,4,400.0,86.04,95.23,9.2,3.86,1.46,3.11,0.15,45.98,45.98,35
779,4.0,4,5,400.0,96.8,95.23,9.2,4.35,1.57,3.11,0.15,45.98,45.98,35
508,4.0,4,6,400.0,107.55,95.23,9.2,4.83,1.68,3.11,0.15,45.98,45.98,35
443,4.0,5,5,400.0,107.55,113.75,9.2,4.83,1.72,3.49,0.18,57.47,57.47,35
714,4.0,5,6,400.0,118.31,113.75,9.2,5.31,1.83,3.49,0.18,57.47,57.47,35
753,4.0,6,6,400.0,129.06,131.67,9.2,5.8,1.97,3.85,0.22,68.97,68.97,35
579,4.1,1,1,400.0,22.26,34.97,9.48,0.97,0.57,1.55,0.04,12.15,12.15,35
820,4.1,1,2,400.0,33.39,34.97,9.48,1.45,0.69,1.55,0.04,12.15,12.15,35
609,4.1,1,3,400.0,44.52,34.97,9.48,1.93,0.81,1.55,0.04,12.15,12.15,35
675,4.1,1,4,400.0,55.64,34.97,9.48,2.42,0.92,1.55,0.04,12.15,12.15,35
754,4.1,1,5,400.0,66.77,34.97,9.48,2.9,1.04,1.55,0.04,12.15,12.15,35
511,4.1,1,6,400.0,77.9,34.97,9.48,3.38,1.15,1.55,0.04,12.15,12.15,35
652,4.1,2,2,400.0,44.52,58.19,9.48,1.93,0.92,2.23,0.07,24.3,24.3,35
804,4.1,2,3,400.0,55.64,58.19,9.48,2.42,1.03,2.23,0.07,24.3,24.3,35
745,4.1,2,4,400.0,66.77,58.19,9.48,2.9,1.15,2.23,0.07,24.3,24.3,35
713,4.1,2,5,400.0,77.9,58.19,9.48,3.38,1.27,2.23,0.07,24.3,24.3,35
445,4.1,2,6,400.0,89.03,58.19,9.48,3.86,1.38,2.23,0.07,24.3,24.3,35
425,4.1,3,3,400.0,66.77,78.51,9.48,2.9,1.22,2.73,0.11,36.45,36.45,35
472,4.1,3,4,400.0,77.9,78.51,9.48,3.38,1.33,2.73,0.11,36.45,36.45,35
506,4.1,3,5,400.0,89.03,78.51,9.48,3.86,1.45,2.73,0.11,36.45,36.45,35
781,4.1,3,6,400.0,100.16,78.51,9.48,4.35,1.56,2.73,0.11,36.45,36.45,35
416,4.1,4,4,400.0,89.03,97.45,9.48,3.86,1.49,3.16,0.15,48.59,48.59,35
561,4.1,4,5,400.0,100.16,97.45,9.48,4.35,1.61,3.16,0.15,48.59,48.59,35
839,4.1,4,6,400.0,111.29,97.45,9.48,4.83,1.73,3.16,0.15,48.59,48.59,35
653,4.1,5,5,400.0,111.29,116.18,9.48,4.83,1.76,3.55,0.18,60.74,60.74,35
386,4.1,5,6,400.0,122.42,116.18,9.48,5.31,1.88,3.55,0.18,60.74,60.74,35
564,4.1,6,6,400.0,133.55,135.37,9.48,5.8,2.02,3.92,0.22,72.89,72.89,35
245,4.2,1,1,400.0,23.02,35.7,9.76,0.97,0.59,1.57,0.04,12.82,12.82,35
92,4.2,1,2,400.0,34.53,35.7,9.76,1.45,0.71,1.57,0.04,12.82,12.82,35
104,4.2,1,3,400.0,46.03,35.7,9.76,1.93,0.83,1.57,0.04,12.82,12.82,35
158,4.2,1,4,400.0,57.54,35.7,9.76,2.42,0.95,1.57,0.04,12.82,12.82,35
33,4.2,1,5,400.0,69.05,35.7,9.76,2.9,1.07,1.57,0.04,12.82,12.82,35
190,4.2,1,6,400.0,80.56,35.7,9.76,3.38,1.19,1.57,0.04,12.82,12.82,35
116,4.2,2,2,400.0,46.03,59.41,9.76,1.93,0.94,2.27,0.07,25.65,25.65,35
55,4.2,2,3,400.0,57.54,59.41,9.76,2.42,1.06,2.27,0.07,25.65,25.65,35
3,4.2,2,4,400.0,69.05,59.41,9.76,2.9,1.18,2.27,0.07,25.65,25.65,35
169,4.2,2,5,400.0,80.56,59.41,9.76,3.38,1.3,2.27,0.07,25.65,25.65,35
348,4.2,2,6,400.0,92.07,59.41,9.76,3.86,1.42,2.27,0.07,25.65,25.65,35
329,4.2,3,3,400.0,69.05,80.21,9.76,2.9,1.24,2.78,0.11,38.47,38.47,35
371,4.2,3,4,400.0,80.56,80.21,9.76,3.38,1.36,2.78,0.11,38.47,38.47,35
215,4.2,3,5,400.0,92.07,80.21,9.76,3.86,1.48,2.78,0.11,38.47,38.47,35
27,4.2,3,6,400.0,103.58,80.21,9.76,4.35,1.6,2.78,0.11,38.47,38.47,35
324,4.2,4,4,400.0,92.07,99.75,9.76,3.86,1.53,3.21,0.15,51.3,51.3,35
259,4.2,4,5,400.0,103.58,99.75,9.76,4.35,1.65,3.21,0.15,51.3,51.3,35
74,4.2,4,6,400.0,115.08,99.75,9.76,4.83,1.77,3.21,0.15,51.3,51.3,35
123,4.2,5,5,400.0,115.08,118.72,9.76,4.83,1.81,3.6,0.18,64.12,64.12,35
305,4.2,5,6,400.0,126.59,118.72,9.76,5.31,1.93,3.6,0.18,64.12,64.12,35
237,4.2,6,6,400.0,138.1,139.33,9.76,5.8,2.08,4.0,0.22,76.94,76.94,35
43,4.3,1,1,400.0,23.79,36.47,10.04,0.97,0.6,1.6,0.04,13.52,13.52,35
201,4.3,1,2,400.0,35.68,36.47,10.04,1.45,0.72,1.6,0.04,13.52,13.52,35
359,4.3,1,3,400.0,47.58,36.47,10.04,1.93,0.85,1.6,0.04,13.52,13.52,35
320,4.3,1,4,400.0,59.47,36.47,10.04,2.42,0.97,1.6,0.04,13.52,13.52,35
236,4.3,1,5,400.0,71.36,36.47,10.04,2.9,1.09,1.6,0.04,13.52,13.52,35
82,4.3,1,6,400.0,83.26,36.47,10.04,3.38,1.22,1.6,0.04,13.52,13.52,35
344,4.3,2,2,400.0,47.58,60.73,10.04,1.93,0.96,2.3,0.07,27.04,27.04,35
233,4.3,2,3,400.0,59.47,60.73,10.04,2.42,1.08,2.3,0.07,27.04,27.04,35
274,4.3,2,4,400.0,71.36,60.73,10.04,2.9,1.21,2.3,0.07,27.04,27.04,35
307,4.3,2,5,400.0,83.26,60.73,10.04,3.38,1.33,2.3,0.07,27.04,27.04,35
119,4.3,2,6,400.0,95.15,60.73,10.04,3.86,1.45,2.3,0.07,27.04,27.04,35
149,4.3,3,3,400.0,71.36,82.07,10.04,2.9,1.27,2.82,0.11,40.56,40.56,35
94,4.3,3,4,400.0,83.26,82.07,10.04,3.38,1.4,2.82,0.11,40.56,40.56,35
78,4.3,3,5,400.0,95.15,82.07,10.04,3.86,1.52,2.82,0.11,40.56,40.56,35
257,4.3,3,6,400.0,107.05,82.07,10.04,4.35,1.64,2.82,0.11,40.56,40.56,35
143,4.3,4,4,400.0,95.15,102.16,10.04,3.86,1.57,3.26,0.15,54.08,54.08,35
30,4.3,4,5,400.0,107.05,102.16,10.04,4.35,1.69,3.26,0.15,54.08,54.08,35
212,4.3,4,6,400.0,118.94,102.16,10.04,4.83,1.81,3.26,0.15,54.08,54.08,35
351,4.3,5,5,400.0,118.94,121.38,10.04,4.83,1.85,3.66,0.18,67.6,67.6,35
167,4.3,5,6,400.0,130.83,121.38,10.04,5.31,1.97,3.66,0.18,67.6,67.6,35
34,4.3,6,6,400.0,142.73,143.6,10.04,5.8,2.13,4.08,0.22,81.12,81.12,35
126,4.4,1,1,400.0,24.57,37.29,10.33,0.97,0.61,1.63,0.04,14.24,14.24,35
312,4.4,1,2,400.0,36.86,37.29,10.33,1.45,0.74,1.63,0.04,14.24,14.24,35
271,4.4,1,3,400.0,49.14,37.29,10.33,1.93,0.87,1.63,0.04,14.24,14.24,35
235,4.4,1,4,400.0,61.43,37.29,10.33,2.42,1.0,1.63,0.04,14.24,14.24,35
342,4.4,1,5,400.0,73.71,37.29,10.33,2.9,1.12,1.63,0.04,14.24,14.24,35
160,4.4,1,6,400.0,86.0,37.29,10.33,3.38,1.25,1.63,0.04,14.24,14.24,35
238,4.4,2,2,400.0,49.14,62.16,10.33,1.93,0.98,2.34,0.07,28.48,28.48,35
319,4.4,2,3,400.0,61.43,62.16,10.33,2.42,1.11,2.34,0.07,28.48,28.48,35
361,4.4,2,4,400.0,73.71,62.16,10.33,2.9,1.24,2.34,0.07,28.48,28.48,35
197,4.4,2,5,400.0,86.0,62.16,10.33,3.38,1.36,2.34,0.07,28.48,28.48,35
38,4.4,2,6,400.0,98.28,62.16,10.33,3.86,1.49,2.34,0.07,28.48,28.48,35
65,4.4,3,3,400.0,73.71,84.13,10.33,2.9,1.3,2.87,0.11,42.71,42.71,35
14,4.4,3,4,400.0,86.0,84.13,10.33,3.38,1.43,2.87,0.11,42.71,42.71,35
188,4.4,3,5,400.0,98.28,84.13,10.33,3.86,1.56,2.87,0.11,42.71,42.71,35
338,4.4,3,6,400.0,110.57,84.13,10.33,4.35,1.68,2.87,0.11,42.71,42.71,35
59,4.4,4,4,400.0,98.28,104.72,10.33,3.86,1.6,3.31,0.15,56.95,56.95,35
141,4.4,4,5,400.0,110.57,104.72,10.33,4.35,1.73,3.31,0.15,56.95,56.95,35
294,4.4,4,6,400.0,122.85,104.72,10.33,4.83,1.86,3.31,0.15,56.95,56.95,35
243,4.4,5,5,400.0,122.85,125.17,10.33,4.83,1.89,3.73,0.18,71.19,71.19,35
87,4.4,5,6,400.0,135.14,125.17,10.33,5.31,2.02,3.73,0.18,71.19,71.19,35
115,4.4,6,6,400.0,147.42,148.24,10.33,5.8,2.18,4.16,0.22,85.43,85.43,35
355,4.5,1,1,400.0,25.37,38.17,10.62,0.97,0.63,1.66,0.04,14.98,14.98,35
174,4.5,1,2,400.0,38.05,38.17,10.62,1.45,0.76,1.66,0.04,14.98,14.98,35
0,4.5,1,3,400.0,50.73,38.17,10.62,1.93,0.89,1.66,0.04,14.98,14.98,35
56,4.5,1,4,400.0,63.41,38.17,10.62,2.42,1.02,1.66,0.04,14.98,14.98,35
114,4.5,1,5,400.0,76.1,38.17,10.62,2.9,1.15,1.66,0.04,14.98,14.98,35
299,4.5,1,6,400.0,88.78,38.17,10.62,3.38,1.28,1.66,0.04,14.98,14.98,35
35,4.5,2,2,400.0,50.73,63.75,10.62,1.93,1.0,2.38,0.07,29.96,29.96,35
156,4.5,2,3,400.0,63.41,63.75,10.62,2.42,1.13,2.38,0.07,29.96,29.96,35
106,4.5,2,4,400.0,76.1,63.75,10.62,2.9,1.26,2.38,0.07,29.96,29.96,35
88,4.5,2,5,400.0,88.78,63.75,10.62,3.38,1.4,2.38,0.07,29.96,29.96,35
240,4.5,2,6,400.0,101.46,63.75,10.62,3.86,1.53,2.38,0.07,29.96,29.96,35
224,4.5,3,3,400.0,76.1,86.42,10.62,2.9,1.33,2.92,0.11,44.93,44.93,35
262,4.5,3,4,400.0,88.78,86.42,10.62,3.38,1.46,2.92,0.11,44.93,44.93,35
296,4.5,3,5,400.0,101.46,86.42,10.62,3.86,1.59,2.92,0.11,44.93,44.93,35
139,4.5,3,6,400.0,114.14,86.42,10.62,4.35,1.72,2.92,0.11,44.93,44.93,35
217,4.5,4,4,400.0,101.46,107.48,10.62,3.86,1.64,3.37,0.15,59.91,59.91,35
341,4.5,4,5,400.0,114.14,107.48,10.62,4.35,1.77,3.37,0.15,59.91,59.91,35
187,4.5,4,6,400.0,126.83,107.48,10.62,4.83,1.9,3.37,0.15,59.91,59.91,35
40,4.5,5,5,400.0,126.83,129.46,10.62,4.83,1.94,3.81,0.18,74.89,74.89,35
196,4.5,5,6,400.0,139.51,129.46,10.62,5.31,2.07,3.81,0.18,74.89,74.89,35
343,4.5,6,6,400.0,152.19,153.3,10.62,5.8,2.23,4.26,0.22,89.87,89.87,35
452,4.6,1,1,400.0,26.17,39.13,10.92,0.97,0.64,1.69,0.04,15.74,15.74,35
716,4.6,1,2,400.0,39.26,39.13,10.92,1.45,0.77,1.69,0.04,15.74,15.74,35
742,4.6,1,3,400.0,52.34,39.13,10.92,1.93,0.91,1.69,0.04,15.74,15.74,35
806,4.6,1,4,400.0,65.43,39.13,10.92,2.42,1.05,1.69,0.04,15.74,15.74,35
649,4.6,1,5,400.0,78.51,39.13,10.92,2.9,1.18,1.69,0.04,15.74,15.74,35
378,4.6,1,6,400.0,91.6,39.13,10.92,3.38,1.32,1.69,0.04,15.74,15.74,35
757,4.6,2,2,400.0,52.34,65.5,10.92,1.93,1.02,2.42,0.07,31.48,31.48,35
673,4.6,2,3,400.0,65.43,65.5,10.92,2.42,1.16,2.42,0.07,31.48,31.48,35
614,4.6,2,4,400.0,78.51,65.5,10.92,2.9,1.29,2.42,0.07,31.48,31.48,35
815,4.6,2,5,400.0,91.6,65.5,10.92,3.38,1.43,2.42,0.07,31.48,31.48,35
574,4.6,2,6,400.0,104.69,65.5,10.92,3.86,1.56,2.42,0.07,31.48,31.48,35
548,4.6,3,3,400.0,78.51,88.97,10.92,2.9,1.36,2.97,0.11,47.22,47.22,35
602,4.6,3,4,400.0,91.6,88.97,10.92,3.38,1.49,2.97,0.11,47.22,47.22,35
407,4.6,3,5,400.0,104.69,88.97,10.92,3.86,1.63,2.97,0.11,47.22,47.22,35
642,4.6,3,6,400.0,117.77,88.97,10.92,4.35,1.77,2.97,0.11,47.22,47.22,35
545,4.6,4,4,400.0,104.69,110.47,10.92,3.86,1.68,3.43,0.15,62.96,62.96,35
464,4.6,4,5,400.0,117.77,110.47,10.92,4.35,1.81,3.43,0.15,62.96,62.96,35
702,4.6,4,6,400.0,130.86,110.47,10.92,4.83,1.95,3.43,0.15,62.96,62.96,35
759,4.6,5,5,400.0,130.86,134.15,10.92,4.83,1.98,3.89,0.18,78.7,78.7,35
519,4.6,5,6,400.0,143.94,134.15,10.92,5.31,2.12,3.89,0.18,78.7,78.7,35
436,4.6,6,6,400.0,157.03,158.84,10.92,5.8,2.29,4.35,0.22,94.44,94.44,35
663,4.7,1,1,400.0,26.99,40.17,11.22,0.97,0.65,1.72,0.04,16.52,16.52,35
388,4.7,1,2,400.0,40.48,40.17,11.22,1.45,0.79,1.72,0.04,16.52,16.52,35
586,4.7,1,3,400.0,53.98,40.17,11.22,1.93,0.93,1.72,0.04,16.52,16.52,35
536,4.7,1,4,400.0,67.47,40.17,11.22,2.42,1.07,1.72,0.04,16.52,16.52,35
440,4.7,1,5,400.0,80.97,40.17,11.22,2.9,1.21,1.72,0.04,16.52,16.52,35
707,4.7,1,6,400.0,94.46,40.17,11.22,3.38,1.35,1.72,0.04,16.52,16.52,35
568,4.7,2,2,400.0,53.98,67.47,11.22,1.93,1.04,2.46,0.07,33.04,33.04,35
432,4.7,2,3,400.0,67.47,67.47,11.22,2.42,1.18,2.46,0.07,33.04,33.04,35
487,4.7,2,4,400.0,80.97,67.47,11.22,2.9,1.32,2.46,0.07,33.04,33.04,35
516,4.7,2,5,400.0,94.46,67.47,11.22,3.38,1.46,2.46,0.07,33.04,33.04,35
761,4.7,2,6,400.0,107.96,67.47,11.22,3.86,1.6,2.46,0.07,33.04,33.04,35
791,4.7,3,3,400.0,80.97,91.75,11.22,2.9,1.39,3.02,0.11,49.57,49.57,35
728,4.7,3,4,400.0,94.46,91.75,11.22,3.38,1.53,3.02,0.11,49.57,49.57,35
699,4.7,3,5,400.0,107.96,91.75,11.22,3.86,1.67,3.02,0.11,49.57,49.57,35
469,4.7,3,6,400.0,121.45,91.75,11.22,4.35,1.81,3.02,0.11,49.57,49.57,35
787,4.7,4,4,400.0,107.96,113.77,11.22,3.86,1.71,3.49,0.15,66.09,66.09,35
640,4.7,4,5,400.0,121.45,113.77,11.22,4.35,1.85,3.49,0.15,66.09,66.09,35
413,4.7,4,6,400.0,134.95,113.77,11.22,4.83,1.99,3.49,0.15,66.09,66.09,35
569,4.7,5,5,400.0,134.95,139.33,11.22,4.83,2.03,3.99,0.18,82.61,82.61,35
816,4.7,5,6,400.0,148.44,139.33,11.22,5.31,2.17,3.99,0.18,82.61,82.61,35
647,4.7,6,6,400.0,161.94,164.95,11.22,5.8,2.34,4.46,0.22,99.13,99.13,35
700,4.8,1,1,400.0,27.82,41.3,11.53,0.97,0.66,1.75,0.04,17.33,17.33,35
470,4.8,1,2,400.0,41.73,41.3,11.53,1.45,0.81,1.75,0.04,17.33,17.33,35
540,4.8,1,3,400.0,55.64,41.3,11.53,1.93,0.95,1.75,0.04,17.33,17.33,35
608,4.8,1,4,400.0,69.55,41.3,11.53,2.42,1.1,1.75,0.04,17.33,17.33,35
397,4.8,1,5,400.0,83.46,41.3,11.53,2.9,1.24,1.75,0.04,17.33,17.33,35
633,4.8,1,6,400.0,97.37,41.3,11.53,3.38,1.38,1.75,0.04,17.33,17.33,35
497,4.8,2,2,400.0,55.64,69.69,11.53,1.93,1.06,2.51,0.07,34.65,34.65,35
479,4.8,2,3,400.0,69.55,69.69,11.53,2.42,1.21,2.51,0.07,34.65,34.65,35
419,4.8,2,4,400.0,83.46,69.69,11.53,2.9,1.35,2.51,0.07,34.65,34.65,35
558,4.8,2,5,400.0,97.37,69.69,11.53,3.38,1.5,2.51,0.07,34.65,34.65,35
831,4.8,2,6,400.0,111.28,69.69,11.53,3.86,1.64,2.51,0.07,34.65,34.65,35
752,4.8,3,3,400.0,83.46,94.82,11.53,2.9,1.42,3.08,0.11,51.98,51.98,35
796,4.8,3,4,400.0,97.37,94.82,11.53,3.38,1.56,3.08,0.11,51.98,51.98,35
665,4.8,3,5,400.0,111.28,94.82,11.53,3.86,1.71,3.08,0.11,51.98,51.98,35
390,4.8,3,6,400.0,125.19,94.82,11.53,4.35,1.85,3.08,0.11,51.98,51.98,35
737,4.8,4,4,400.0,111.28,118.01,11.53,3.86,1.75,3.57,0.15,69.31,69.31,35
723,4.8,4,5,400.0,125.19,118.01,11.53,4.35,1.9,3.57,0.15,69.31,69.31,35
449,4.8,4,6,400.0,139.1,118.01,11.53,4.83,2.04,3.57,0.15,69.31,69.31,35
504,4.8,5,5,400.0,139.1,145.06,11.53,4.83,2.08,4.09,0.18,86.64,86.64,35
773,4.8,5,6,400.0,153.01,145.06,11.53,5.31,2.22,4.09,0.18,86.64,86.64,35
691,4.8,6,6,400.0,166.92,171.71,11.53,5.8,2.39,4.57,0.22,103.96,103.96,35
410,4.9,1,1,400.0,28.66,42.55,11.84,0.97,0.68,1.78,0.04,18.15,18.15,35
645,4.9,1,2,400.0,42.99,42.55,11.84,1.45,0.83,1.78,0.04,18.15,18.15,35
782,4.9,1,3,400.0,57.32,42.55,11.84,1.93,0.97,1.78,0.04,18.15,18.15,35
734,4.9,1,4,400.0,71.65,42.55,11.84,2.42,1.12,1.78,0.04,18.15,18.15,35
689,4.9,1,5,400.0,85.98,42.55,11.84,2.9,1.27,1.78,0.04,18.15,18.15,35
459,4.9,1,6,400.0,100.32,42.55,11.84,3.38,1.42,1.78,0.04,18.15,18.15,35
827,4.9,2,2,400.0,57.32,72.19,11.84,1.93,1.09,2.56,0.07,36.31,36.31,35
630,4.9,2,3,400.0,71.65,72.19,11.84,2.42,1.23,2.56,0.07,36.31,36.31,35
682,4.9,2,4,400.0,85.98,72.19,11.84,2.9,1.38,2.56,0.07,36.31,36.31,35
775,4.9,2,5,400.0,100.32,72.19,11.84,3.38,1.53,2.56,0.07,36.31,36.31,35
499,4.9,2,6,400.0,114.65,72.19,11.84,3.86,1.68,2.56,0.07,36.31,36.31,35
597,4.9,3,3,400.0,85.98,98.2,11.84,2.9,1.45,3.15,0.11,54.46,54.46,35
526,4.9,3,4,400.0,100.32,98.2,11.84,3.38,1.6,3.15,0.11,54.46,54.46,35
456,4.9,3,5,400.0,114.65,98.2,11.84,3.86,1.74,3.15,0.11,54.46,54.46,35
720,4.9,3,6,400.0,128.98,98.2,11.84,4.35,1.89,3.15,0.11,54.46,54.46,35
581,4.9,4,4,400.0,114.65,123.2,11.84,3.86,1.79,3.66,0.15,72.62,72.62,35
396,4.9,4,5,400.0,128.98,123.2,11.84,4.35,1.94,3.66,0.15,72.62,72.62,35
661,4.9,4,6,400.0,143.31,123.2,11.84,4.83,2.09,3.66,0.15,72.62,72.62,35
833,4.9,5,5,400.0,143.31,151.4,11.84,4.83,2.12,4.2,0.18,90.77,90.77,35
554,4.9,5,6,400.0,157.64,151.4,11.84,5.31,2.27,4.2,0.18,90.77,90.77,35
401,4.9,6,6,400.0,171.97,179.18,11.84,5.8,2.45,4.7,0.22,108.93,108.93,35
